--
-- Table structure for table `arc_askquestions`
--

CREATE TABLE IF NOT EXISTS `arc_askquestions` (
  `id` int(11) NOT NULL AUTO_INCREMENT,
  `groupid` int(11) NOT NULL,
  `question` text NOT NULL,
  `answer1` text NOT NULL,
  `answer2` text NOT NULL,
  `answer3` text NOT NULL,
  `answer4` text NOT NULL,
  `answer5` text NOT NULL,
  `correctAnswer` int(11) NOT NULL,
  PRIMARY KEY (`id`)
) ENGINE=InnoDB  DEFAULT CHARSET=utf8 AUTO_INCREMENT=754 ;


INSERT INTO `arc_askquestions` (`id`, `groupid`, `question`, `answer1`, `answer2`, `answer3`, `answer4`, `answer5`, `correctAnswer`) VALUES
(8, 3, 'Convert 9/5 to a mixed number', '1 and 5/9', '5/9', '1 and 95/100', '1 and 4/5', '9 and 1/5', 4),
(9, 3, 'What is the tenth prime number ?', '1', '30', '29', '23', '39', 3),
(10, 3, 'Which of the following is NOT a cube number ?', '"1, 8, 16, 27, 64"', '', '', '', '', 6),
(11, 3, 'Which of the following numbers is a triangular number ?', '2', '3', '5', '9', '16', 2),
(12, 3, 'What is the lowest common multiple of the following numbers ?  3, 7, 9', '63', '21', '189', '3', 'There isn`t one', 1),
(13, 3, 'What is 4/5 + 7/9 ?', '47/59', '11/14', '28/45', '71/45', '3/7', 4),
(14, 3, 'Select the missing number in the following sequence: 1, 1, 2, 3, 5, 8, ? , 21, 34, 55', '10', '12', '13', '15', '17', 3),
(15, 3, 'What is 4/7 divided by 1/2 ?', '7/8', '5/9', '9/5', '8/7', '15/14', 4),
(16, 3, 'Calculate 5 divided by 2/3', '10/3', '13/2', '3/5', '7/10', '15/2', 5),
(17, 3, 'How many even prime numbers are there ?', 'None', 'One', 'Two', 'Several', 'An infinite number', 2),
(18, 3, 'Select the true statement:', '"1, 2, 3, and 5 are all prime numbers', '1 is a square, cube, and triangular number', 'A prime number has only one factor', '216 is NOT a cube number', '2 IS a square number"', 2),
(20, 3, 'Calculate 5 to the power 3', '15', '53', '125', '35', '25', 3),
(21, 3, 'Which number set contains a triangular, prime, cube and square number in that order ?', '"1, 1, 27, 81', '6, 2, 216, 4', '10, 3, 64, 50', '64, 64, 64, 64', '15, 2, 27, 2"', 2),
(22, 3, 'What is the highest common factor of 10, 20, and 25 ?', '10', '25', '20', '5', '2', 4),
(23, 3, 'Add together the first prime number, second triangular number, fifth square number and third cube number', '58', '46', '82', '50', '57', 5),
(24, 3, 'What is 4/5 + 2/7 ? ', '38/35', '5', '42/57', 'A very difficult maths question', '8/35', 1),
(25, 3, 'What is 2/5 - 1/6 ?', '1/15', '17/30', '7/30', '3/4', '7/10', 3),
(26, 3, 'What is the lowest common multiple of 3, 4, and 15 ?', '60', '15', '2', '8', '25', 1),
(27, 3, 'What is 7 cubed ?', '49', '7', '70', '343', '10', 4),
(29, 3, 'Simplify 72/81', '7/10', '7/9', '8/9', '720/810', '7/11', 3),
(30, 3, 'How many factors does 32 have ?', '4', '6', '8', '32', 'I have run out of fingers', 2),
(34, 3, 'Which number is NOT a prime number ?', '1', '2', '3', '5', '7', 1),
(35, 3, 'Which number IS a prime number ?', '1', '2', '4', '10', '25', 2),
(36, 3, 'How many factors does 1 have ?', '1', '2', '3', 'Lots', '', 1),
(37, 3, 'What is 15 squared ?', '225', '215', '153', '67', '81', 1),
(38, 3, 'Calculate 2/7 x 3/8', '23/78', '3/28', '3/7', '8/10', '37/56', 2),
(39, 3, 'What is 2 cubed ?', '2', '4', '6', '8', '27', 4),
(40, 3, 'Which number is both a square and cube number ?', '27', '4', '81', '64', '25', 4),
(41, 3, 'Which number is a square, cube, and triangular number ?', '1', '2', '3', '216', '9', 1),
(42, 3, 'Is 79 a prime number ?', 'Sometimes', 'Only on Sundays', 'Yes', 'No', 'Maybe', 3),
(52, 3, '''The Sun was smiling this morning'' is an example of:', 'Metaphor', 'Simile', 'Rhyme', 'Personification', 'Irony', 4),
(55, 3, 'Choose the CORRECT statement:', '"1 and 16 are both cube numbers', '2 is not a prime number', 'There are several even prime numbers', '216 is a square number', '1 is a square, cube, and triangular number"', 5),
(57, 4, 'Express 8/10 as a decimal', '80%', '0.8', '8.0', '0.81', '4/5', 2),
(58, 4, 'Express 16/25 as a decimal', '0.64', '1.625', '0.625', '0.256', '0.72', 1),
(60, 4, 'Add together 3.546 and 1.04', '4.685', '4.586', '3.68784', '4.946', '5.586', 2),
(61, 4, 'Calculate 10.97 - 0.36', '10.0216', '11.33', '10.16', '7.61', '10.61', 5),
(62, 4, 'Calculate 5.63 x  2.4. Remember to estimate your answer first.', '8.03', '2.34583', '13.512', '13', '56.324', 3),
(63, 4, 'Calculate 9.5 divided by 0.5. ', '0.09', '95.05', '50', '19', '59', 4),
(64, 4, 'What is 0.625 expressed as a %  ?', '0.625%', '100%', '62.5%', '6.25%', '0.000625%', 3),
(65, 4, 'What is 10% of £72 ?', '£7.20', '72p', '£10.72', '7/2', '£10', 1),
(67, 4, 'Vyshnavi scores 68 out of 80 in a maths exam. What is her score expressed as a % ?', '68%', '68.8%', '75%', '85%', '94%', 4),
(68, 4, 'What is 0.375 expressed as a % ?', '3.75%', '37.5%', '30%', '35%', '35.7%', 2),
(69, 4, 'Which one of these is the greatest ?', '1/5 of 45', '25% of 40', '0.375 x 16', '80% of 20', '0.75 x 20', 4),
(71, 4, 'Katie buys a cycling helmet for £13.89, a bell for £3.35, and some gloves for £12.30. How much money does she spend altogether ? ', '£31.96', '£29.54', '£32.14', '£28.76', '£26.89', 2),
(72, 4, 'Stephen`s bath holds 75.63 litres of water when it is full. Stephen pours 48.28 litres of water into the bath. How many more litres of water would he need to fill the bath completely ? ', '27.45', '27.75', '26.95', '28.15', '27.35', 5),
(73, 4, 'Which of these calculations equals 743? ', '74300 divided by 10', '0.743 x 1000', '74300 divided by 1000', '0.0743 x 1000', '0.743 x 100', 2),
(74, 4, 'Given that 52.6 x 24 = 1,262.4, what is 526 x 12 ?  ', '"6,312', '12.624', '631.2', 'About 50,000', '52,612"', 1),
(75, 4, 'A house costing £380,000 has been reduced in sale price by 35%. How much will it now cost ?', '"£133,000', '£38,000', '£247,000', '£114,000', '£379,965"', 3),
(77, 4, 'Which of the following decimals is closest to 10 ?', '9.89', '10.2', '9.9', '10.073', '9.92', 4),
(79, 4, 'Which number has the value closest to 7 ?', '7.001', '6.989', '7.101', '6.99', '7.0', 5),
(80, 4, 'Find 120% of £50.', '£5', '£60', '£50', '£55', 'It is impossible to have more than 100% of something', 2),
(81, 4, 'Mike earns £24,000 pa. He has just been told that he will be getting a 15% pay rise next year. What will his new salary be ?', '"£3,600', '£24,015', '£27,600', 'Nearly as much as my pocket money', '£36,000"', 3),
(82, 4, 'Katie sells cup cakes for 45p. She has worked out that they cost 30p each to make. How much percentage profit does she make on each cake  ?', '50%', '15%', '30%', '45%', '100%', 1),
(83, 4, 'In a school class of 20 pupils, 65% said that they preferred cats to dogs. How many pupils indicated a preference for dogs, assuming all the pupils voted ?', '35', '7', '13', '65', '2', 2),
(85, 4, 'Find 8% of £50', '£4', '£5', '50p', '£2', '£40', 1),
(86, 4, 'A car costing £44,000 is in a sale. A 35% price reduction is on offer. How much will the car now cost ?', '"£4400', '£15,400', '£28,600', '£35,000', '£35,440"', 3),
(87, 4, 'Wayne Rooney has scored 34 out of his last 40 attempted penalty kicks. What % of his spot kicks did he fail to score ?', '6%', '34%', '20%', '16%', '15%', 5),
(88, 4, 'What decimal is equivalent to 150% ? ?', '3.5', '1.5', '1.05', '0.5', '150.0', 2),
(89, 4, 'What is 1/3 expressed as a decimal ?', '0.3', '0.13', '1.3', '0.33', '30%', 4),
(90, 4, 'The temperature inside a room rose from 25 to 31 degrees celsius. What is the percentage rise in temperature ?', '24%', '6%', '25.31%', '31%', '100%', 1),
(91, 4, '104.5 divided by 5.1 will be APPROXIMATELY ?', '1000 divided by 5 = 200', '10 divided by 5 = 2', '100 divided by 50 = 2', '100 divided by 5 = 20', '100 divided by 0.5 = 200', 4),
(92, 4, 'What is 0.57 expressed as a % ?', '57%', '5.7%', '43%', '0.57%', '12%', 1),
(93, 4, 'John scored 78 out of 120 in a science test. What was his % score ?', '78%', '65%', '0.78', '84%', '70%', 2),
(94, 4, 'Calculate 1.50 x 0.40', '6', '0.6', '60', '0.00006', '0.06', 2),
(95, 4, 'Calculate 8.1 x 52.69', '4267.89', '6.505', '60', '85.263.79', '426.789', 5),
(96, 4, 'Calculate 0.70 x 0.30', '0.21', '0.021', '1.2', '2.1', '0.12', 1),
(97, 4, '18,000 people went to the recent Leeds v Blackpool football game. 17,280 were Leeds supporters. What % of the crowd were Blackpool fans ?', '720%', '8%', '4%', '25%', '7%', 3),
(98, 4, 'At Kathryn`s school there are 360 pupils. 85% like fish and chips. How many pupils do NOT like fish and chips ?  ', '54', '306', '85', '15', '36', 1),
(99, 4, 'Select the sum which gives an answer of 24   ', '1/3 of 75', '20% of 120', '0.4 x 0.6', '1/8 of 200', '0.024 x 100', 2),
(100, 4, 'Select the value that has the smallest value', '10%', '0.08', '1/5', '1.02', '1/8', 2),
(101, 4, 'What is 7/8 expressed as a decimal ?', '0.78', '7.8', '0.7', '0.875', '0.75', 4),
(102, 4, 'What is 16 divided by 0.4  ?', '40', '4', '0.4', '0.04', '0.0004', 1),
(103, 4, 'What is 21 divided by 1.4  ?', '15', '0.105', '1.5', '0.105', '', 1),
(104, 4, 'What is 10 divided by 0.2  ?', '500', '5', '20', '50', '25', 4),
(107, 4, 'Adam sees a bike that costs £250. A sale is on and the bike has now been reduced in price by 15%. What is the new sale price ?', '£37.50', 'Not sure but I hope he lets me have a go on it', '£212.50', '£205', '£237.50', 3),
(108, 4, 'What is 5/8 expressed as a decimal ?', '0.58', '0.85.', '0.518', '0.625', '0.375', 4),
(109, 3, 'Choose the CORRECT statement:', '"1 and 16 are both cube numbers', '2 is not a prime number', 'There are several even prime numbers', '216 is a square number', 'The number 1 is a square, cube and triangular number"', 5),
(163, 7, 'What is 8<span style=vertical-align: super;>1</span> ?', '8', '0', '1', '64', '81', 1),
(164, 7, 'What is 2<span style=vertical-align: super;>0</span> ?', '20', '0', '1', '2', 'Something very powerful', 3),
(165, 7, 'What is 9<span style=vertical-align: super;>2</span> ?', '92', '0', '1', '29', '81', 5),
(166, 7, 'Calculate (5 + 4) - 2', '9', '52', '7', '5', '18', 3),
(167, 7, '<p>A number machine has the following instructions:&nbsp;<span style=font-size: 16px;>+8 , x3.</span></p><p><span style=font-size: 16px;> The INPUT number is 5. What is the OUTPUT number ?</span></p>', '7', '10', '7', '39', '64', 4),
(168, 7, '<p>A number machine has an OUTPUT number of 15. The instructions say x4,&nbsp;-5. What was the INPUT number ?&nbsp;&nbsp;</p>', '6', '5', '55', '40', '45', 2),
(169, 7, '<p>What is 3,899 to TWO significant figures ?&nbsp;&nbsp;</p>', '"3,800', '4,000', '3,900', '2', '3,890"', 3),
(170, 7, '<p>What is&nbsp;0.00000457 to TWO significant figures ?&nbsp;&nbsp;</p>', '0.0000047', '46', '0.00000460', '0.0000045', '0.0000046', 5),
(171, 7, '<p>Calculate&nbsp; 5 (7-4)<sup>2&nbsp;</sup>+ 1<sup>3</sup>&nbsp;</p>', '46', '45', '58', '16', '12', 1),
(172, 7, '&lt;p&gt;&amp;nbsp;Calculate&amp;nbsp;&amp;nbsp;2(8-4)&lt;sup&gt;2&lt;/sup&gt; ÷ 2&lt;sup&gt;2&lt;/sup&gt;&lt;/p&gt;', '8', '6', '4', '16', '12', 1),
(174, 7, '<p>Find the missing number to complete the sum: 11 x 4 = 24 + ?&nbsp;</p>', '4', '44', '20', '9', '10', 3),
(175, 7, '&lt;p&gt;Find the missing number to complete the sum: 15 x 3&amp;nbsp;+ 7 = 6 + 2 x&amp;nbsp; ?&amp;nbsp;&lt;/p&gt;', '5', '69', '23', '460', '17', 3),
(176, 7, '<p>Each letter stands for a number. Work out the answer to the sum as a letter.</p><p>A = 2, B = 4, C = 7, D = 21, E = 28.</p><p>C&nbsp;x B = ?&nbsp;</p>', 'A', 'B', 'C', 'D', 'E', 5),
(177, 7, '<p>Each letter stands for a number. Work out the answer to the sum as a letter.</p><p>A = 4, B = 12, C = 17, D = 21, E = 27.</p><p>B x A - C - E&nbsp;= ?&nbsp;</p>', 'A', 'B', 'C', 'D', 'E', 1),
(178, 7, '<p>&nbsp;What is the MODE of the following numbers ?</p><p>7, 8, 4, 6, 8,10, 4, 7, 4&nbsp;</p>', '4', '6', '7', '8', '10', 1),
(179, 7, '<p>&nbsp;What is the&nbsp;RANGE of the following numbers ?</p><p>17, 81, 4, 16, 8,10, 34, 73, 74&nbsp;</p>', '4', '26', '77', '81', '11', 3),
(180, 7, '<p>&nbsp;What is the&nbsp;MEDIAN of the following numbers ?</p><p>13, 581, 14, 1, 58,10, 304, 97, 7&nbsp;</p>', '580', '14', '13', '58', '7', 2),
(181, 7, '<p>&nbsp;What is the&nbsp;MEAN of the following numbers ?</p><p>27, 31, 5, 5, 12&nbsp;</p>', '80', '5', '19', '18', '16', 5),
(182, 7, '<p>Express 7/8 as a decimal&nbsp;</p>', '7.8', '0.78', '0.875', '78%', '0.8', 3),
(183, 7, '<p>Calculate 35% of £78</p>', '£7.80', '£3.50', '£0.75', '£27.30', '£50.70', 4),
(184, 7, '<p>If the following decimals were put in ASCENDING order, which would come first (i.e. which is the smallest) ?</p><p>1.2, 0.57, 0.04, 0.702, 0.3&nbsp;</p>', '1.2', '0.57', '0.04', '0.702', '0.3', 3),
(185, 7, '<p>What is the highest common factor (HCF)&nbsp;of 16,&nbsp;96, and 40 ?&nbsp;</p>', '8', '4', '16', '40', '5', 1),
(186, 7, '<p>What is the&nbsp;lowest common&nbsp;multiple (LCM)&nbsp;of&nbsp;3, 4, and 7&nbsp;?&nbsp;</p>', '7', '84', '21', '63', '28', 2),
(187, 7, '<p>&nbsp;Round 6.07075 to THREE decimal places</p>', '6.070', '6.003', '6.071', '6.078', '6.087', 3),
(188, 7, '<p>&nbsp;Round 12.90904 to TWO decimal places</p>', '12.99', '12.90', '12.94', '12.91', '12.99', 4),
(189, 7, '<p>&nbsp;Round&nbsp;0.05099 to TWO&nbsp;significant figures</p>', '0.050', '0.0510', '0.51', '0.051', '0.0509', 4),
(190, 7, '<p>Which of the following is another way of writing 8<sup>5&nbsp;</sup>?&nbsp;</p>', '5 x 8', '8 x 5', '8 x 8 x 8 x 8 x 8', '5 x 5 x 5 x 5 x 5 x 5 x 5 x 5', '5 x 8 x 5 x 8 x 5', 3),
(191, 7, '<p>Calculate 5/6 x 2/3</p>', '5/9', '52/63', '5/4', '3/2', '1/4', 1),
(192, 7, '<p>Calculate&nbsp;3/8&nbsp;÷ 1/4</p>', '3/32', '3/2', '7/16', '2/3', '1/8', 2),
(193, 7, '<p>Calculate&nbsp;7/10 + 1/3</p>', '11/30', '7/30', '21/10', '21/3', '31/30', 5),
(194, 7, '<p>Calculate&nbsp;4/5&nbsp;- 1/2</p>', '10/7', '7/10', '8/5', '3/10', '2/5', 4),
(195, 7, '<p>What number completes the following sequence : 19, 1, 17, 8, 13, 27, 11, 64, ?&nbsp;</p>', '7', '216', '2', '125', '75', 1),
(196, 7, '<p>What number completes the following sequence :&nbsp;5, 8, 13, 21, 34, 55, ?&nbsp;</p>', '1', '27', '216', '89', '100', 4),
(198, 7, '<p>What&nbsp;is an expression for the nth term of this series&nbsp;?&nbsp;</p><p>6, 4, 2, 0, -2, -4, -6&nbsp;................&nbsp;</p>', '4n - 6', '-2n + 8', '-2', '-2n', '2n +3', 2),
(199, 7, '<p>What&nbsp;is an expression for the nth term of this series&nbsp;?&nbsp;</p><p>2, 7, 12, 17, 22&nbsp;................&nbsp;</p>', '4n + 1', '7n - 2', '2n + 5', '5n', '5n - 3', 5),
(201, 7, '<p>Calculate:&nbsp;4 (10 - 5)<sup>2</sup>&nbsp;- (4 - 1)<sup>3 </sup>+ 3<sup>1 </sup>- 84<sup>0</sup></p>', '65', '72', '75', '76', '32', 3),
(202, 7, '<p>Calculate:&nbsp;8 + 15 x 2 - 8<sup>1</sup></p>', '38', '30', '37', '86', '32', 2),
(204, 7, 'What is &amp;radic; 121?', '10', '11', '121', '8', '9', 2),
(205, 7, 'What is the (&radic;16)&lt;span style=&quot;vertical-align: super;&quot;&gt;2&lt;/span&gt;?', '4', '8', '256', '32', '16', 5),
(206, 7, '<p>A number machine has an OUTPUT number of 26. The instructions are&nbsp;&nbsp;÷6,&nbsp;-&nbsp;fourth&nbsp;cube number. What was&nbsp;the INTPUT number ?&nbsp;</p>', '64', '500', '540', '42', '512', 3),
(207, 7, '<p>&nbsp;Move one letter from the first word and add it to the second word to make two new words. Do not change the order of the other letters:</p><p>pride&nbsp;&nbsp; air&nbsp;</p>', 'p', 'r', 'i', 'd', 'e', 1),
(208, 7, '<p>&nbsp;Find the letter that will finish the first word and start the second word in BOTH of these pairs of words.</p><p>cal [&nbsp;] lap&nbsp;&nbsp;&nbsp;&nbsp;&nbsp;&nbsp;&nbsp;&nbsp;&nbsp;&nbsp;&nbsp;&nbsp; gol [ ] arm</p>', 'm', 'd', 's', 'l', 'f', 5),
(209, 7, '<p>In the sentence below a FOUR letter word is hidden at the end of one word and the start of the following word. Which two words contain the ''HIDDEN'' word ?</p><p>Natalie&nbsp;keeps mice in her bedroom&nbsp;</p>', 'Natalie keeps', 'keeps mice', 'mice in', 'in her', 'her bedroom', 5),
(211, 7, '<p>Find the THREE letter word that completes the word in capital letters, and so finishes the sentence in a sensible way:</p><p>The TENS lapped at a saucer of milk&nbsp;</p>', 'DON', 'DOG', 'CAT', 'KIT', 'RAT', 4),
(212, 7, '<p>What is the value of C in the number statement:</p><p>C = (8 + 7&nbsp;x 4)&nbsp;&nbsp;÷ (9 + 3 x 1)</p>', '2', '3', '5', '24', '14', 2),
(213, 7, '<p>What is the value of&nbsp;T in the number statement:</p><p>T&nbsp;= (9 ÷ 3 + 7)<sup>2</sup> x 5(12 - 11)<sup>3 </sup></p>', '1500', '600', '50', '500', '5680', 4),
(214, 7, '<p>What is the value of&nbsp;A in the number statement:</p><p>A&nbsp;= (50 ÷ 25)<sup>0&nbsp;</sup>+ (7 - 3)<sup>3&nbsp;</sup>- 5<sup>1</sup>&nbsp;</p>', '65', '12', '67', '69', '60', 5),
(215, 7, '&lt;p&gt;Calculate &amp;radic;81 + (18 ÷ 3)&lt;sup&gt;3&lt;/sup&gt;&amp;nbsp;&lt;/p&gt;', '225', '216', '287', '86', '296', 1),
(216, 7, '&lt;p&gt;&amp;nbsp;The phrases ''As dead as a dodo'' and ''like a bat out of hell'' are examples of&lt;/p&gt;', 'Irony', 'Metaphors', 'Similes', 'Rhyme', 'Personification', 3),
(217, 7, '&lt;p&gt;&amp;nbsp;The phrase ''my lips are sealed'' is an example of&amp;nbsp; :&lt;/p&gt;', 'A metaphor', 'A simile', 'personification', 'alliteration', 'onomatopoeia', 1),
(218, 8, '&lt;p&gt;Which answer is equivalent to the ratio 7:21 ?&amp;nbsp;&lt;/p&gt;', '1:3', '8:15', '7:2', '7:1', '3:1', 1),
(219, 8, '&lt;p&gt;Which answer is equivalent to the ratio&amp;nbsp;20:70 ?&amp;nbsp;&lt;/p&gt;', '10:13', '2:70', '1:3', '2:9', '2:7', 5),
(220, 8, '&lt;p&gt;A recipe for cup cakes says that 5 eggs are needed to make&amp;nbsp;24 buns. How many eggs would be needed to make 72 buns ?&lt;/p&gt;', '10', '15', '20', '24', '5', 2),
(221, 8, '&lt;p&gt;In a class there are 16 girls and 14 boys. The ratio of boys to girls is......&lt;/p&gt;', '8:7', '7:15', '8:15', '7:8', '2:1', 4),
(222, 8, '&lt;p&gt;Reha, Megha and Vidisha have had a win on the ''National Lottery''. They made an agreement to share any winnings in the ratio 2:5:3.&amp;nbsp;Vidisha claimed £15. What did Reha win ?&amp;nbsp;&lt;/p&gt;', '£15', '£5', '£10', '£20', '£25', 3),
(223, 8, '&lt;p&gt;The ratio of earth to sea on our planet is&amp;nbsp;29 :&amp;nbsp;71. What proportion of planet Earth is sea ?&lt;/p&gt;', '29/71', '71/29', '71/100', '29/100', '50/100', 3),
(224, 8, '&lt;p&gt;Tanishka is given a box of chocolates. She eats 2/3 of the chocolates and gives the remaining sweets to Disha. Disha is given 12 sweets. How many sweets were in the box to start with ?&lt;/p&gt;', '23', '64', '12', '24', '36', 5),
(227, 8, '&lt;p&gt;In a school class of 25,&amp;nbsp;19 pupils like football. Approximately what proportion do NOT like football ?&amp;nbsp;?&lt;/p&gt;', '1/5', '4/5', '19/44', '1/2', '7/10', 1),
(229, 8, '&lt;p&gt;Write the ratio 30:48 in lowest form&amp;nbsp;&lt;/p&gt;', '8:5', '7:10', '5:8', '15:24', '3:5', 3),
(230, 8, '&lt;p&gt;in a traffic survey, the vehicles on a motorway were found to be in the ratio cars : trucks : buses = 4:2:1. 2100 vehicles were surveyed. How many cars were there ?&amp;nbsp;&lt;/p&gt;', '4', '400', '1800', '1200', '300', 4),
(231, 8, '&lt;p&gt;A scale model of a car is 15cm long. The real car is 3m long. What is the scale of the model (expressed as a ratio) ? [HINT: compare both lengths in cm]&amp;nbsp;&lt;/p&gt;', '15:3', '20', '15:3', '3:15', '1:20', 5),
(232, 8, '&lt;p&gt;A map has a scale of 1:50,000. A section of a railway is 12km long. How long does it appear on the map ?&lt;/p&gt;', '12 cm', '24 cm', '24 km', '1.2 cm', '0.24 cm', 2),
(233, 8, '&lt;p&gt;In a fruit cake, the ratio of currants : sultanas : cherries is 7 : 4 : 1. Rachel used 420g of currants. How much fruit did she use altogether ?&lt;/p&gt;', '60g', '4200g', '720g', '800g', '680g', 3),
(234, 8, '&lt;p&gt;If there are 24 apples,&amp;nbsp;60 pears, and 16 oranges in a crate what proportion (numerically) of the fruit is&amp;nbsp;pears ?&amp;nbsp;&lt;/p&gt;', '60:100', '60/84', '3/5', '1/6', '60/76', 3),
(235, 8, '&lt;p&gt;Khushi has a tin of sweets. She eats 3/5 of them and gives the rest to Adam. Adam counts the remaining sweets and finds he has been given 12. How many sweets were in the tin to start with ? [HINT: Adam was given 2/5 of the total, so work out what 1/5 is, then you can work out what 5/5 is].&lt;/p&gt;', '25', '24', '30', '18', '28', 3),
(236, 8, '&lt;p&gt;Most bronze is made up of the metals copper and tin in the ratio 88 : 12. What proportion of bronze is copper. Express your answer as a %.&amp;nbsp;&lt;/p&gt;', '88%', '12%', '3/25', '22/25', '10%', 1),
(237, 8, '&lt;p&gt;So far this year, Chelsea have won 10, drawn 3, and lost 0 games of football in the premiership. What proportion of games have they drawn ?&amp;nbsp;&lt;/p&gt;', '3', '3/13', '10/13', '0', '10', 2),
(238, 8, '&lt;p&gt;In a garden the ratio of blue, red, and orange flowers is 4:3:1. If there are 12 blue flowers, how many orange flowers are there ?&amp;nbsp;&lt;/p&gt;', '12', '10', '3', '6', '9', 3),
(239, 8, '&lt;p&gt;At the start of a game of snooker there are 15 red balls and 7 non-red balls. What proportion of the balls are red ?&lt;/p&gt;', '7:22', '7:15', '7/15', '15/22', '15/7', 4),
(240, 8, '&lt;p&gt;On a regular dice there are the numbers 1-6. What is the ratio of prime to square numbers&amp;nbsp;?&amp;nbsp;&lt;/p&gt;', '1/6', '1:1', '2:3', '1:6', '3:2', 5),
(241, 8, '&lt;p&gt;In a pack of playing cards there are 52 cards.&amp;nbsp;26 are black and 26 are red. What is the ratio of red to black cards ?&lt;/p&gt;', '1:1', '1:2', '26:52', '1/2', '1:4', 1),
(242, 8, '&lt;p&gt;&amp;nbsp;A recipe for potato salad serves 4 people. The ingredients are:&lt;/p&gt;&lt;p&gt;150g potatoes, 1/2 onion, 20ml mayonnaise, 40g cheese.&lt;/p&gt;&lt;p&gt;How many onions are needed to make enough potato salad for 16 people ?&amp;nbsp;&lt;/p&gt;', '1', '2', '3', '4', '8', 2),
(243, 8, '&lt;p&gt;&amp;nbsp;A recipe for potato salad serves 4 people. The ingredients are:&lt;/p&gt;&lt;p&gt;150g potatoes, 1/2 onion, 20ml mayonnaise, 40g cheese.&lt;/p&gt;&lt;p&gt;What is the largest number of servings that can be made with 450g of potato&amp;nbsp;?&amp;nbsp;&lt;/p&gt;', '2', '3', '4', '12', '8', 4),
(244, 8, '&lt;p&gt;&amp;nbsp;A recipe for potato salad serves 4 people. The ingredients are:&lt;/p&gt;&lt;p&gt;150g potatoes, 1/2 onion, 20ml mayonnaise, 40g cheese.&lt;/p&gt;&lt;p&gt;Kathryn decides to vary the recipe this time using chopped radishes instead of onion. For every onion in the original recipe she uses 4 radishes.&lt;/p&gt;&lt;p&gt;How many radishes will she need if she makes enough potato salad for 6 people ?&amp;nbsp;&lt;/p&gt;&lt;p&gt;&amp;nbsp;&lt;/p&gt;', '2', '3', '4', '8', '12', 2),
(245, 8, '&lt;p&gt;Ash buys 70% of her Christmas presents from ''Argos'' and orders the rest from ''Amazon''. What proportion of her presents come from ''Amazon'' ?&amp;nbsp;&lt;/p&gt;', '3/10', '7/10', '3/7', '7%', '7:3', 1),
(246, 8, '&lt;p&gt;What is 9062 rounded to 2 significant figures ?&lt;/p&gt;', '1060', '9100', '90', '91', '910', 2),
(247, 8, '&lt;p&gt;How many significant figures does 0.0006 have&amp;nbsp;?&lt;/p&gt;', '5', '4', '3', '2', '1', 5),
(248, 8, '&lt;p&gt;How many significant figures does 0.092000 have&amp;nbsp;?&lt;/p&gt;', '5', '4', '3', '2', '1', 1),
(249, 8, '&lt;p&gt;How many significant figures does&amp;nbsp;86.300 have&amp;nbsp;?&lt;/p&gt;', '5', '4', '3', '2', '1', 1),
(250, 8, '&lt;p&gt;How many significant figures does&amp;nbsp;5.003 have&amp;nbsp;?&lt;/p&gt;', '5', '4', '3', '2', '1', 2),
(251, 8, '&lt;p&gt;How many significant figures does&amp;nbsp;34.0370 have&amp;nbsp;?&lt;/p&gt;', '5', '2', '3', '6', '1', 4),
(252, 8, '&lt;p&gt;Round 8.983 to TWO decimal places&amp;nbsp;&lt;/p&gt;', '8.90', '8.93', '9.00', '8.98', '8.99', 4),
(253, 8, '&lt;p&gt;&amp;nbsp;In this question, the three numbers in each group are related in the same way. Find the number that completes the last group.&lt;/p&gt;&lt;p&gt;(&amp;nbsp;12&amp;nbsp;[ 48&amp;nbsp;] 4 )&amp;nbsp;&amp;nbsp;&amp;nbsp;&amp;nbsp;&amp;nbsp;&amp;nbsp;&amp;nbsp;&amp;nbsp;&amp;nbsp;&amp;nbsp;&amp;nbsp;&amp;nbsp;&amp;nbsp;&amp;nbsp;(&amp;nbsp;16 [&amp;nbsp;96&amp;nbsp;]&amp;nbsp;6 )&amp;nbsp;&amp;nbsp;&amp;nbsp;&amp;nbsp;&amp;nbsp;&amp;nbsp;&amp;nbsp;&amp;nbsp;&amp;nbsp;&amp;nbsp;&amp;nbsp;&amp;nbsp;&amp;nbsp;&amp;nbsp;&amp;nbsp;&amp;nbsp; (&amp;nbsp;13&amp;nbsp;[&amp;nbsp;?&amp;nbsp;]&amp;nbsp;3 )&amp;nbsp;&amp;nbsp;&amp;nbsp;&amp;nbsp;&amp;nbsp;&amp;nbsp;&amp;nbsp;&amp;nbsp;&amp;nbsp;&amp;nbsp;&amp;nbsp;&lt;/p&gt;', '10', '16', '39', '36', '4.3', 3),
(254, 8, '&lt;p&gt;&amp;nbsp;In this question, the three numbers in each group are related in the same way. Find the number that completes the last group.&lt;/p&gt;&lt;p&gt;(&amp;nbsp;48&amp;nbsp;[ 8&amp;nbsp;] 12 )&amp;nbsp;&amp;nbsp;&amp;nbsp;&amp;nbsp;&amp;nbsp;&amp;nbsp;&amp;nbsp;&amp;nbsp;&amp;nbsp;&amp;nbsp;&amp;nbsp;&amp;nbsp;&amp;nbsp;&amp;nbsp;( 35&amp;nbsp;[&amp;nbsp;10&amp;nbsp;]&amp;nbsp;7 )&amp;nbsp;&amp;nbsp;&amp;nbsp;&amp;nbsp;&amp;nbsp;&amp;nbsp;&amp;nbsp;&amp;nbsp;&amp;nbsp;&amp;nbsp;&amp;nbsp;&amp;nbsp;&amp;nbsp;&amp;nbsp;&amp;nbsp;&amp;nbsp; (&amp;nbsp;81&amp;nbsp;[&amp;nbsp;?&amp;nbsp;]&amp;nbsp;9 )&amp;nbsp;&amp;nbsp;&amp;nbsp;&amp;nbsp;&amp;nbsp;&amp;nbsp;&amp;nbsp;&amp;nbsp;&amp;nbsp;&amp;nbsp;&amp;nbsp;&lt;/p&gt;', '9', '18', '27', '90', '72', 2),
(255, 8, '&lt;p&gt;&amp;nbsp;In this question, the three numbers in each group are related in the same way. Find the number that completes the last group.&lt;/p&gt;&lt;p&gt;(&amp;nbsp;90&amp;nbsp;[&amp;nbsp;19&amp;nbsp;] 10 )&amp;nbsp;&amp;nbsp;&amp;nbsp;&amp;nbsp;&amp;nbsp;&amp;nbsp;&amp;nbsp;&amp;nbsp;&amp;nbsp;&amp;nbsp;&amp;nbsp;&amp;nbsp;&amp;nbsp;&amp;nbsp;(&amp;nbsp;36&amp;nbsp;[&amp;nbsp;12&amp;nbsp;]&amp;nbsp;18 )&amp;nbsp;&amp;nbsp;&amp;nbsp;&amp;nbsp;&amp;nbsp;&amp;nbsp;&amp;nbsp;&amp;nbsp;&amp;nbsp;&amp;nbsp;&amp;nbsp;&amp;nbsp;&amp;nbsp;&amp;nbsp;&amp;nbsp;&amp;nbsp; (&amp;nbsp;99&amp;nbsp;[&amp;nbsp;?&amp;nbsp;]&amp;nbsp;33 )&amp;nbsp;&amp;nbsp;&amp;nbsp;&amp;nbsp;&amp;nbsp;&amp;nbsp;&amp;nbsp;&amp;nbsp;&amp;nbsp;&amp;nbsp;&amp;nbsp;&lt;/p&gt;', '9', '10', '11', '12', '13', 5),
(256, 8, '&lt;p&gt;&amp;nbsp;In this question, the three numbers in each group are related in the same way. Find the number that completes the last group.&lt;/p&gt;&lt;p&gt;(&amp;nbsp;17&amp;nbsp;[&amp;nbsp;10&amp;nbsp;]&amp;nbsp;3 )&amp;nbsp;&amp;nbsp;&amp;nbsp;&amp;nbsp;&amp;nbsp;&amp;nbsp;&amp;nbsp;&amp;nbsp;&amp;nbsp;&amp;nbsp;&amp;nbsp;&amp;nbsp;&amp;nbsp;&amp;nbsp;(&amp;nbsp;22&amp;nbsp;[&amp;nbsp;11&amp;nbsp;]&amp;nbsp;0 )&amp;nbsp;&amp;nbsp;&amp;nbsp;&amp;nbsp;&amp;nbsp;&amp;nbsp;&amp;nbsp;&amp;nbsp;&amp;nbsp;&amp;nbsp;&amp;nbsp;&amp;nbsp;&amp;nbsp;&amp;nbsp;&amp;nbsp;&amp;nbsp; (&amp;nbsp;18&amp;nbsp;[&amp;nbsp;?&amp;nbsp;]&amp;nbsp;8 )&amp;nbsp;&amp;nbsp;&amp;nbsp;&amp;nbsp;&amp;nbsp;&amp;nbsp;&amp;nbsp;&amp;nbsp;&amp;nbsp;&amp;nbsp;&amp;nbsp;&lt;/p&gt;', '13', '10', '11', '26', '144', 1),
(257, 8, '&lt;p&gt;&amp;nbsp;In this question, the three numbers in each group are related in the same way. Find the number that completes the last group.&lt;/p&gt;&lt;p&gt;(&amp;nbsp;10&amp;nbsp;[&amp;nbsp;4&amp;nbsp;]&amp;nbsp;5 )&amp;nbsp;&amp;nbsp;&amp;nbsp;&amp;nbsp;&amp;nbsp;&amp;nbsp;&amp;nbsp;&amp;nbsp;&amp;nbsp;&amp;nbsp;&amp;nbsp;&amp;nbsp;&amp;nbsp;&amp;nbsp;(&amp;nbsp;36&amp;nbsp;[&amp;nbsp;8&amp;nbsp;]&amp;nbsp;9 )&amp;nbsp;&amp;nbsp;&amp;nbsp;&amp;nbsp;&amp;nbsp;&amp;nbsp;&amp;nbsp;&amp;nbsp;&amp;nbsp;&amp;nbsp;&amp;nbsp;&amp;nbsp;&amp;nbsp;&amp;nbsp;&amp;nbsp;&amp;nbsp; (&amp;nbsp;24&amp;nbsp;[&amp;nbsp;?&amp;nbsp;]&amp;nbsp;6 )&amp;nbsp;&amp;nbsp;&amp;nbsp;&amp;nbsp;&amp;nbsp;&amp;nbsp;&amp;nbsp;&amp;nbsp;&amp;nbsp;&amp;nbsp;&amp;nbsp;&lt;/p&gt;', '2', '10', '8', '6', '30', 3),
(258, 8, '&lt;p&gt;&amp;nbsp;In this question, the three numbers in each group are related in the same way. Find the number that completes the last group.&lt;/p&gt;&lt;p&gt;(&amp;nbsp;8&amp;nbsp;[ 33&amp;nbsp;]&amp;nbsp;17 )&amp;nbsp;&amp;nbsp;&amp;nbsp;&amp;nbsp;&amp;nbsp;&amp;nbsp;&amp;nbsp;&amp;nbsp;&amp;nbsp;&amp;nbsp;&amp;nbsp;&amp;nbsp;&amp;nbsp;&amp;nbsp;(&amp;nbsp;2&amp;nbsp;[&amp;nbsp;13&amp;nbsp;]&amp;nbsp;9 )&amp;nbsp;&amp;nbsp;&amp;nbsp;&amp;nbsp;&amp;nbsp;&amp;nbsp;&amp;nbsp;&amp;nbsp;&amp;nbsp;&amp;nbsp;&amp;nbsp;&amp;nbsp;&amp;nbsp;&amp;nbsp;&amp;nbsp;&amp;nbsp; (&amp;nbsp;10&amp;nbsp;[&amp;nbsp;?&amp;nbsp;]&amp;nbsp;4 )&amp;nbsp;&amp;nbsp;&amp;nbsp;&amp;nbsp;&amp;nbsp;&amp;nbsp;&amp;nbsp;&amp;nbsp;&amp;nbsp;&amp;nbsp;&amp;nbsp;&lt;/p&gt;', '40', '6', '12', '48', '24', 5),
(259, 8, '&lt;p&gt;&amp;nbsp;In this question, the three numbers in each group are related in the same way. Find the number that completes the last group.&lt;/p&gt;&lt;p&gt;(&amp;nbsp;10&amp;nbsp;[&amp;nbsp;53&amp;nbsp;]&amp;nbsp;5 )&amp;nbsp;&amp;nbsp;&amp;nbsp;&amp;nbsp;&amp;nbsp;&amp;nbsp;&amp;nbsp;&amp;nbsp;&amp;nbsp;&amp;nbsp;&amp;nbsp;&amp;nbsp;&amp;nbsp;&amp;nbsp;(&amp;nbsp;12&amp;nbsp;[&amp;nbsp;27 ]&amp;nbsp;2 )&amp;nbsp;&amp;nbsp;&amp;nbsp;&amp;nbsp;&amp;nbsp;&amp;nbsp;&amp;nbsp;&amp;nbsp;&amp;nbsp;&amp;nbsp;&amp;nbsp;&amp;nbsp;&amp;nbsp;&amp;nbsp;&amp;nbsp;&amp;nbsp; (&amp;nbsp;3&amp;nbsp;[&amp;nbsp;?&amp;nbsp;]&amp;nbsp;4 )&amp;nbsp;&amp;nbsp;&amp;nbsp;&amp;nbsp;&amp;nbsp;&amp;nbsp;&amp;nbsp;&amp;nbsp;&amp;nbsp;&amp;nbsp;&amp;nbsp;&lt;/p&gt;', '12', '15', '18', '7', '20', 2),
(260, 8, '&lt;p&gt;&amp;nbsp;In this question, the three numbers in each group are related in the same way. Find the number that completes the last group.&lt;/p&gt;&lt;p&gt;(&amp;nbsp;24&amp;nbsp;[&amp;nbsp;17&amp;nbsp;]&amp;nbsp;5 )&amp;nbsp;&amp;nbsp;&amp;nbsp;&amp;nbsp;&amp;nbsp;&amp;nbsp;&amp;nbsp;&amp;nbsp;&amp;nbsp;&amp;nbsp;&amp;nbsp;&amp;nbsp;&amp;nbsp;&amp;nbsp;(&amp;nbsp;50&amp;nbsp;[&amp;nbsp;27&amp;nbsp;]&amp;nbsp;2 )&amp;nbsp;&amp;nbsp;&amp;nbsp;&amp;nbsp;&amp;nbsp;&amp;nbsp;&amp;nbsp;&amp;nbsp;&amp;nbsp;&amp;nbsp;&amp;nbsp;&amp;nbsp;&amp;nbsp;&amp;nbsp;&amp;nbsp;&amp;nbsp; (&amp;nbsp;44&amp;nbsp;[&amp;nbsp;?&amp;nbsp;]&amp;nbsp;4 )&amp;nbsp;&amp;nbsp;&amp;nbsp;&amp;nbsp;&amp;nbsp;&amp;nbsp;&amp;nbsp;&amp;nbsp;&amp;nbsp;&amp;nbsp;&amp;nbsp;&lt;/p&gt;', '25', '19', '26', '24', '30', 3),
(261, 8, '&lt;p&gt;In this question, the three numbers in each group are related in the same way. Find the number that completes the last group.&lt;/p&gt;&lt;p&gt;(&amp;nbsp;5&amp;nbsp;[&amp;nbsp;10&amp;nbsp;] 4 )&amp;nbsp;&amp;nbsp;&amp;nbsp;&amp;nbsp;&amp;nbsp;&amp;nbsp;&amp;nbsp;&amp;nbsp;&amp;nbsp;&amp;nbsp;&amp;nbsp;&amp;nbsp;&amp;nbsp;&amp;nbsp;(&amp;nbsp;12 [&amp;nbsp;48&amp;nbsp;]&amp;nbsp;8 )&amp;nbsp;&amp;nbsp;&amp;nbsp;&amp;nbsp;&amp;nbsp;&amp;nbsp;&amp;nbsp;&amp;nbsp;&amp;nbsp;&amp;nbsp;&amp;nbsp;&amp;nbsp;&amp;nbsp;&amp;nbsp;&amp;nbsp;&amp;nbsp; (&amp;nbsp;11&amp;nbsp;[&amp;nbsp;?&amp;nbsp;]&amp;nbsp;6 )&amp;nbsp;&amp;nbsp;&amp;nbsp;&amp;nbsp;&amp;nbsp;&amp;nbsp;&amp;nbsp;&amp;nbsp;&amp;nbsp;&amp;nbsp;&amp;nbsp;&lt;/p&gt;&lt;p&gt;&amp;nbsp;&lt;/p&gt;', '33', '32', '31', '28', '24', 1),
(262, 8, '&lt;p&gt;In this question, the three numbers in each group are related in the same way. Find the number that completes the last group.&lt;/p&gt;&lt;p&gt;(&amp;nbsp;0&amp;nbsp;[&amp;nbsp;0&amp;nbsp;] 4 )&amp;nbsp;&amp;nbsp;&amp;nbsp;&amp;nbsp;&amp;nbsp;&amp;nbsp;&amp;nbsp;&amp;nbsp;&amp;nbsp;&amp;nbsp;&amp;nbsp;&amp;nbsp;&amp;nbsp;&amp;nbsp;(&amp;nbsp;12 [&amp;nbsp;0&amp;nbsp;]&amp;nbsp;0 )&amp;nbsp;&amp;nbsp;&amp;nbsp;&amp;nbsp;&amp;nbsp;&amp;nbsp;&amp;nbsp;&amp;nbsp;&amp;nbsp;&amp;nbsp;&amp;nbsp;&amp;nbsp;&amp;nbsp;&amp;nbsp;&amp;nbsp;&amp;nbsp; (&amp;nbsp;71&amp;nbsp;[&amp;nbsp;?&amp;nbsp;]&amp;nbsp;0 )&amp;nbsp;&amp;nbsp;&amp;nbsp;&amp;nbsp;&amp;nbsp;&amp;nbsp;&amp;nbsp;&amp;nbsp;&amp;nbsp;&amp;nbsp;&amp;nbsp;&lt;/p&gt;&lt;p&gt;&amp;nbsp;&lt;/p&gt;', '0', '1', '2', '3', '4', 1),
(263, 8, '&lt;p&gt;In this question, the three numbers in each group are related in the same way. Find the number that completes the last group.&lt;/p&gt;&lt;p&gt;( 9&amp;nbsp;[&amp;nbsp;14&amp;nbsp;]&amp;nbsp;16 )&amp;nbsp;&amp;nbsp;&amp;nbsp;&amp;nbsp;&amp;nbsp;&amp;nbsp;&amp;nbsp;&amp;nbsp;&amp;nbsp;&amp;nbsp;&amp;nbsp;&amp;nbsp;&amp;nbsp;&amp;nbsp;(&amp;nbsp;14 [&amp;nbsp;18&amp;nbsp;]&amp;nbsp;23 )&amp;nbsp;&amp;nbsp;&amp;nbsp;&amp;nbsp;&amp;nbsp;&amp;nbsp;&amp;nbsp;&amp;nbsp;&amp;nbsp;&amp;nbsp;&amp;nbsp;&amp;nbsp;&amp;nbsp;&amp;nbsp;&amp;nbsp;&amp;nbsp; (&amp;nbsp;7&amp;nbsp;[&amp;nbsp;?&amp;nbsp;]&amp;nbsp;26 )&amp;nbsp;&amp;nbsp;&amp;nbsp;&amp;nbsp;&amp;nbsp;&amp;nbsp;&amp;nbsp;&amp;nbsp;&amp;nbsp;&amp;nbsp;&amp;nbsp;&lt;/p&gt;&lt;p&gt;&amp;nbsp;&lt;/p&gt;', '32', '34', '36', '38', '40', 4),
(264, 8, '&lt;p&gt;&amp;nbsp;In this question, the three numbers in each group are related in the same way. Find the number that completes the last group.&lt;/p&gt;&lt;p&gt;(&amp;nbsp;10&amp;nbsp;[&amp;nbsp;37&amp;nbsp;] 4 )&amp;nbsp;&amp;nbsp;&amp;nbsp;&amp;nbsp;&amp;nbsp;&amp;nbsp;&amp;nbsp;&amp;nbsp;&amp;nbsp;&amp;nbsp;&amp;nbsp;&amp;nbsp;&amp;nbsp;&amp;nbsp;(&amp;nbsp;20 [&amp;nbsp;37&amp;nbsp;]&amp;nbsp;2 )&amp;nbsp;&amp;nbsp;&amp;nbsp;&amp;nbsp;&amp;nbsp;&amp;nbsp;&amp;nbsp;&amp;nbsp;&amp;nbsp;&amp;nbsp;&amp;nbsp;&amp;nbsp;&amp;nbsp;&amp;nbsp;&amp;nbsp;&amp;nbsp; (&amp;nbsp;8&amp;nbsp;[&amp;nbsp;?&amp;nbsp;]&amp;nbsp;5 )&amp;nbsp;&amp;nbsp;&amp;nbsp;&amp;nbsp;&amp;nbsp;&amp;nbsp;&amp;nbsp;&amp;nbsp;&amp;nbsp;&amp;nbsp;&amp;nbsp;&lt;/p&gt;', '31', '33', '35', '37', '39', 4),
(265, 8, '&lt;p&gt;&amp;nbsp;In this question, the three numbers in each group are related in the same way. Find the number that completes the last group.&lt;/p&gt;&lt;p&gt;(&amp;nbsp;60&amp;nbsp;[&amp;nbsp;3&amp;nbsp;] 4 )&amp;nbsp;&amp;nbsp;&amp;nbsp;&amp;nbsp;&amp;nbsp;&amp;nbsp;&amp;nbsp;&amp;nbsp;&amp;nbsp;&amp;nbsp;&amp;nbsp;&amp;nbsp;&amp;nbsp;&amp;nbsp;(&amp;nbsp;20 [&amp;nbsp;2 ]&amp;nbsp;2 )&amp;nbsp;&amp;nbsp;&amp;nbsp;&amp;nbsp;&amp;nbsp;&amp;nbsp;&amp;nbsp;&amp;nbsp;&amp;nbsp;&amp;nbsp;&amp;nbsp;&amp;nbsp;&amp;nbsp;&amp;nbsp;&amp;nbsp;&amp;nbsp; (&amp;nbsp;25&amp;nbsp;[&amp;nbsp;?&amp;nbsp;]&amp;nbsp;5 )&amp;nbsp;&amp;nbsp;&amp;nbsp;&amp;nbsp;&amp;nbsp;&amp;nbsp;&amp;nbsp;&amp;nbsp;&amp;nbsp;&amp;nbsp;&amp;nbsp;&lt;/p&gt;', '5', '2', '3', '4', '1', 5),
(266, 8, '&lt;p&gt;What is 3/8 expressed as a % ?&amp;nbsp;&lt;/p&gt;', '0.375%', '37.5%', '38%', '0.38%', '50%', 2),
(267, 8, '&lt;p&gt;Calculate&amp;nbsp;5&lt;sup&gt;2&amp;nbsp;&lt;/sup&gt;+ First Prime Number + 3&lt;sup&gt;1 &lt;/sup&gt;- 48&lt;sup&gt;0&amp;nbsp;&lt;/sup&gt;&amp;nbsp;&lt;/p&gt;', '27', '28', '29', '30', '31', 3),
(268, 8, '&lt;p&gt;Look at the following number set and then choose the option which contains only&amp;nbsp;correct statements:&lt;/p&gt;&lt;p&gt;20, 16, 3, 7 and 4&amp;nbsp;&lt;/p&gt;', '"Mean = 7, Range = 16 and Median = 4', 'Mean = 5, Range = 17 and Median = 7', 'Mean = 10, Range = 16 and Median = 4', 'Mean = 5, Range = 16 and Median = 16', 'Mean = 10, Range = 17 and Median = 7"', 5),
(270, 8, '&lt;p&gt;If you are ''apprehensive'' about something you are:&amp;nbsp;&lt;/p&gt;', 'looking forward to it', 'deliriously happy at the thought of it', 'afraid of it', 'not bothered about it', 'saving up for it', 3),
(271, 8, '&lt;p&gt;An ''apparition'' is &amp;nbsp;&lt;/p&gt;', 'a ghost', 'a show at the theatre', 'something you regret doing', 'an expensive bracelet', 'a new download for i-phones', 1),
(272, 12, '&lt;p&gt;Find the number missing in the following series:&lt;/p&gt;&lt;p&gt;2, 3, 5, 7, 11, ?&amp;nbsp;&lt;/p&gt;', '19', '17', '12', '13', '21', 4),
(273, 12, '&lt;p&gt;Find the number missing in the following series:&lt;/p&gt;&lt;p&gt;1, 1, 2, 3, 5, 8,&amp;nbsp; ?&amp;nbsp;&lt;/p&gt;', '13', '17', '11', '15', '20', 1),
(274, 12, '&lt;p&gt;Find the number missing in the following series:&lt;/p&gt;&lt;p&gt;1, 3, 6, 10, 15,&amp;nbsp; ?&amp;nbsp;&lt;/p&gt;', '18', '21', '216', '25', '36', 2),
(276, 12, '&lt;p&gt;&amp;nbsp;What is the following number in words ?&lt;/p&gt;&lt;p&gt;2063&amp;nbsp;&lt;/p&gt;', 'Two hundred and sixty three', 'Twenty thousand and sixty three', 'Two thousand and sixty three', 'Twenty thousand and six', 'Two thousand six hundred and three', 3),
(277, 12, '&lt;p&gt;&amp;nbsp;What is the following number in words ?&lt;/p&gt;&lt;p&gt;100,005&amp;nbsp;&lt;/p&gt;', 'One hundred thousand and five', 'Ten thousand and fifty', 'One million and five', 'One hundred thousand', 'One thousand and five', 1),
(279, 12, '&lt;p&gt;How should this number properly be expressed in words&amp;nbsp;?&lt;/p&gt;&lt;p&gt;20.345&amp;nbsp;&lt;/p&gt;', 'Twenty point three hundred and forty five', 'Twenty point three forty five', 'Twenty and three four five', 'Twenty point three five four', 'Twenty point three four five', 5),
(280, 12, '&lt;p&gt;How should this number properly be expressed in words&amp;nbsp;?&lt;/p&gt;&lt;p&gt;7.876&lt;/p&gt;', 'Seven point eight seven six', 'Seven point eighty seven six', 'Seven point eighty seventy six', 'Seven point eight hundred and seventy six', 'Seven point eighty seven thousand and six', 1),
(281, 12, '&lt;p&gt;Round 4.00987 to TWO decimal places&amp;nbsp;&lt;/p&gt;', '4.01', '4.02', '4.00', '4.09', '4.98', 1),
(282, 12, '&lt;p&gt;Round&amp;nbsp;12.903308 to THREE decimal places&amp;nbsp;&lt;/p&gt;', '12.938', '12.904', '12.900', '0.003', '12.903', 5),
(283, 12, '&lt;p&gt;Round&amp;nbsp;0.0600708 to&amp;nbsp;THREE decimal places&amp;nbsp;&lt;/p&gt;', '0.061', '0.060', '0.067', '0.006', '0.062', 2),
(284, 12, '&lt;p&gt;Round&amp;nbsp;56 to the nearest hundred&amp;nbsp;&lt;/p&gt;', '0', '1', '50', '60', '100', 5),
(285, 12, '&lt;p&gt;Round&amp;nbsp;12 to the nearest hundred&amp;nbsp;&lt;/p&gt;', '0', '1', '50', '60', '100', 1),
(286, 12, '&lt;p&gt;Round&amp;nbsp;87 to the nearest&amp;nbsp;ten&amp;nbsp;&lt;/p&gt;', '100', '80', '90', '60', '85', 3),
(287, 12, '&lt;p&gt;Round&amp;nbsp;5670 to the nearest&amp;nbsp;hundred&amp;nbsp;&lt;/p&gt;', '100', '5600', '6000', '5700', '6', 4),
(288, 12, '&lt;p&gt;Round&amp;nbsp;9,987 to the nearest&amp;nbsp;thousand&lt;/p&gt;', '"10,000', '9,900', '9', '10', '9,000"', 1),
(289, 12, '&lt;p&gt;Round 7.3782 to ONE significant figure&amp;nbsp;&lt;/p&gt;', '7', '7.3', '7.4', '1', '7.5', 1),
(290, 12, '&lt;p&gt;How many significant figures does 46,000 have ?&amp;nbsp;&lt;/p&gt;', '5', '3', '2', '46', 'thousands', 3),
(291, 12, '&lt;p&gt;How many significant figures does&amp;nbsp;0.0761 have ?&amp;nbsp;&lt;/p&gt;', '5', '3', '2', '0', '4', 2),
(292, 12, '&lt;p&gt;How many significant figures does&amp;nbsp;0.6700 have ?&amp;nbsp;&lt;/p&gt;', '5', '3', '2', '1', '4', 5),
(293, 12, '&lt;p&gt;How many significant figures does&amp;nbsp;30,953 have ?&amp;nbsp;&lt;/p&gt;', '5', '3', '2', '1', '4', 1),
(294, 12, '&lt;p&gt;How many significant figures does&amp;nbsp;30,500 have ?&amp;nbsp;&lt;/p&gt;', '5', '3', '2', '1', '4', 2),
(295, 12, '&lt;p&gt;&amp;nbsp;What does 2 represent in the number 14.629 ?&lt;/p&gt;', '20', '2', '2/1000', '2/10', '2/100', 5),
(296, 12, '&lt;p&gt;&amp;nbsp;What does&amp;nbsp;4 represent in the number 14.629 ?&lt;/p&gt;', '40', '4', '400', '4/10', '4/100', 2),
(297, 12, '&lt;p&gt;&amp;nbsp;What does&amp;nbsp;8 represent in the number 45,806.951 ?&lt;/p&gt;', '8000', '80', '8', '800', '8/100', 4),
(298, 12, '&lt;p&gt;&amp;nbsp;What is 6,982 rounded to THREE significant figures ?&lt;/p&gt;', '"7,000', '6,980', '6,900', '3', '6,000"', 2),
(299, 12, '&lt;p&gt;&amp;nbsp;What is 6,982 rounded to&amp;nbsp;ONE significant figure ?&lt;/p&gt;', '"7,000', '6,980', '6,900', '1', '6,000"', 1),
(300, 12, '&lt;p&gt;&amp;nbsp;What is&amp;nbsp;9,345 rounded to&amp;nbsp;TWO significant figure ?&lt;/p&gt;', '"9,350', '9,000', '9,400', '9,300', '10,000"', 4),
(301, 12, '&lt;p&gt;&amp;nbsp;How many significant figures does 4.15 have ?&lt;/p&gt;', '1', '2', '3', '4', '5', 3),
(302, 12, '&lt;p&gt;&amp;nbsp;How many significant figures does 4.015 have ?&lt;/p&gt;', '1', '2', '3', '4', '5', 4),
(303, 12, '&lt;p&gt;&amp;nbsp;How many significant figures does 4.0150 have ?&lt;/p&gt;', '1', '2', '3', '4', '5', 5),
(305, 12, '&lt;p&gt;&amp;nbsp;How many significant figures does 4.01500 have ?&lt;/p&gt;', '3', '4', '5', '6', '7', 4),
(306, 12, '&lt;p&gt;&amp;nbsp;How many significant figures does 4.015000 have ?&lt;/p&gt;', '3', '4', '5', '6', '7', 5),
(307, 12, '&lt;p&gt;&amp;nbsp;How many significant figures does 0.015000 have ?&lt;/p&gt;', '5', '4', '2', '1', '3', 1),
(308, 12, '&lt;p&gt;&amp;nbsp;How many significant figures does 0.0015000 have ?&lt;/p&gt;', '5', '4', '2', '1', '3', 1),
(309, 12, '&lt;p&gt;&amp;nbsp;How many significant figures does 0.00015000 have ?&lt;/p&gt;', '5', '4', '2', '1', '3', 1),
(310, 12, '&lt;p&gt;&amp;nbsp;How many significant figures does 0.00015 have ?&lt;/p&gt;', '5', '4', '2', '1', '3', 3),
(311, 12, '&lt;p&gt;&amp;nbsp;How many significant figures does 0.0001500000000 have&amp;nbsp;?&lt;/p&gt;', '5', '4', '2', '3', '10', 5),
(312, 12, '&lt;p&gt;What number comes next in the sequence ?&lt;/p&gt;&lt;p&gt;1, 8, 27, 64, 125, ?&amp;nbsp;&lt;/p&gt;', '144', '169', '216', '512', '1000', 3),
(313, 12, '&lt;p&gt;What number comes next in the sequence ?&lt;/p&gt;&lt;p&gt;1, 1, 8, 4, 27, 9, 64, ?&amp;nbsp;&lt;/p&gt;', '36', '16', '64', '25', '216', 2),
(314, 12, '&lt;p&gt;What is the first prime number&amp;nbsp;?&lt;/p&gt;&lt;p&gt;&amp;nbsp;&lt;/p&gt;', '1', '2', '0', '3', '5', 2),
(316, 12, '&lt;p&gt;Which number completes this number sequence:&lt;/p&gt;&lt;p&gt;2, 2, 3, 8, 5, 32, 7, ?&amp;nbsp;&lt;/p&gt;', '125', '39', '11', '128', '64', 4),
(317, 12, '&lt;p&gt;&amp;nbsp;Which number completes this number sequence:&lt;/p&gt;&lt;p&gt;8, 13, 21, 34, 55, ?&amp;nbsp;&lt;/p&gt;', '89', '76', '64', '125', '216', 1),
(318, 12, '&lt;p&gt;&amp;nbsp;Which number completes this number sequence:&lt;/p&gt;&lt;p&gt;10, 2, 9, 3, 8, 5, 7, 7, 6, 11, ?&amp;nbsp;&lt;/p&gt;', '25', '17', '19', '13', '5', 5),
(319, 12, '&lt;p&gt;&amp;nbsp;Which number completes this number sequence:&lt;/p&gt;&lt;p&gt;5, 25, 125, 625, ?&amp;nbsp;&lt;/p&gt;', '512', '5000', '5555', '3125', '2250', 4),
(320, 12, '&lt;p&gt;&amp;nbsp;What expression will give the value of the nth term of the following number sequence ?&lt;/p&gt;&lt;p&gt;1, 4, 7, 10, 13, 16, ..........&amp;nbsp;&lt;/p&gt;', '3n - 2', '2n + 2', '3n + 2', '3n', '4n - 4', 1),
(321, 12, '&lt;p&gt;&amp;nbsp;What expression will give the value of the nth term of the following number sequence ?&lt;/p&gt;&lt;p&gt;5, 11, 17, 23, 29, ..........&amp;nbsp;&lt;/p&gt;', '3n + 7', '5n + 1', '6n', '6n - 1', '6n + 1', 4),
(322, 12, '&lt;p&gt;&amp;nbsp;What expression will give the value of the nth term of the following number sequence ?&lt;/p&gt;&lt;p&gt;8, 4, 0, -4, -8, -12, ..........&amp;nbsp;&lt;/p&gt;', '4n + 1', '- 4n + 12', '4n', '4n - 1', '4n + 2', 2),
(323, 12, '&lt;p&gt;&amp;nbsp;What expression will give the value of the nth term of the following number sequence ?&lt;/p&gt;&lt;p&gt;2, 10, 18, 26, 34, ........&amp;nbsp;&lt;/p&gt;', '6n - 8', '8n + 2', '2n + 3', '8n - 6', '8n', 4),
(324, 12, '&lt;p&gt;&amp;nbsp;What&amp;nbsp;number completes the number sequence;&lt;/p&gt;&lt;p&gt;5, 2, -1, -4, -7, ?&amp;nbsp;&lt;/p&gt;&lt;p&gt;&amp;nbsp;&lt;/p&gt;', '-10', '-13', '-8', '-12', '10', 1),
(325, 12, '&lt;p&gt;What is 8&lt;sup&gt;0 &lt;/sup&gt;+ 3&lt;sup&gt;1 &lt;/sup&gt;+ &amp;nbsp;7&lt;sup&gt;2&lt;/sup&gt;&lt;/p&gt;', '53', '49', '60', '51', '64', 1),
(326, 13, '&lt;p&gt;What is the MODE of the following numbers?&lt;/p&gt;&lt;p&gt;8, 19, 6, 8, 9, 8, 8, 33&amp;nbsp;&lt;/p&gt;', '8', '6', '19', '9', '33', 1),
(327, 13, '&lt;p&gt;What is the MODE of the following numbers?&lt;/p&gt;&lt;p&gt;86, 9, 66, 7, 33, 8&amp;nbsp;&lt;/p&gt;', '86', '66', '9', '7', 'There is no mode', 5),
(328, 13, '&lt;p&gt;What is the MODE of the following numbers?&lt;/p&gt;&lt;p&gt;10, 7, 8, 10, 99, 5, 44, 5&amp;nbsp;&lt;/p&gt;', '5 and 10', '44', '7', '8', '99', 1),
(329, 13, '&lt;p&gt;What is the MODE of the following numbers?&lt;/p&gt;&lt;p&gt;4, 7, 4, 6, 54, 7, 7&amp;nbsp;&lt;/p&gt;', '4', '7', '6', '54', 'There is no mode', 2),
(330, 13, '&lt;p&gt;What is the MODE of the following numbers?&lt;/p&gt;&lt;p&gt;1, 3, 77, 99, 1, 88, 6, 88, 1, 2&amp;nbsp;&lt;/p&gt;', '88', '99', '2', '1', '77', 4),
(331, 13, '&lt;p&gt;What is the MODE of the following numbers?&lt;/p&gt;&lt;p&gt;100, 5, 8, 9, 44, 9, 33, 9, 88&amp;nbsp;&lt;/p&gt;', '88', '100', '9', '5', '33', 3),
(332, 13, '&lt;p&gt;What is the MODE of the following numbers?&lt;/p&gt;&lt;p&gt;16, 8, 98, 98, 6, 9, 6, 16, 55, 6&amp;nbsp;&lt;/p&gt;', '55', '16', '6', '98', '9', 3),
(333, 13, '&lt;p&gt;What is the MODE of the following numbers?&lt;/p&gt;&lt;p&gt;3, 88, 8, 99, 3, 7, 99, 4, 75&amp;nbsp;&lt;/p&gt;', '7', '75', '8 and 7', '88', '3 and 99', 5),
(334, 13, '&lt;p&gt;What is the MODE of the following numbers?&lt;/p&gt;&lt;p&gt;6, 8, 66, 7, 66, 1&lt;/p&gt;', '6', '7', '1', '66', '8', 4),
(335, 13, '&lt;p&gt;What is the MODE of the following numbers?&lt;/p&gt;&lt;p&gt;1, 8, 98, 1, 8, 77, 4, 8, 90&lt;/p&gt;', '77', '90', '8', '77', '1', 3),
(337, 13, '&lt;p&gt;What is the RANGE of the following numbers ?&lt;/p&gt;&lt;p&gt;3, 99, 1, 56, 88&amp;nbsp;&lt;/p&gt;', '96', '98', '90', '80', '97', 2),
(338, 13, '&lt;p&gt;What is the RANGE of the following numbers ?&lt;/p&gt;&lt;p&gt;44, 7, 88, 9, 100&lt;/p&gt;', '92', '107', '91', '86', '93', 5),
(339, 13, '&lt;p&gt;What is the RANGE of the following numbers ?&lt;/p&gt;&lt;p&gt;1, 7, 1, 8, 10, 9&lt;/p&gt;', '3', '7', '10', '9', '1', 4),
(340, 13, '&lt;p&gt;What is the RANGE of the following numbers ?&lt;/p&gt;&lt;p&gt;7, 95, 66, 66, 5, 8, 86&lt;/p&gt;', '95', '5', '88', '66', '90', 5),
(341, 13, '&lt;p&gt;&amp;nbsp;What is the RANGE of the following numbers ?&lt;/p&gt;&lt;p&gt;1000, 7, 99, 8, 55&amp;nbsp;&lt;/p&gt;', '1000', '7', '993', '887', '7', 3),
(342, 13, '&lt;p&gt;&amp;nbsp;What is the RANGE of the following numbers ?&lt;/p&gt;&lt;p&gt;2, 9, 300, 8, 8, 168&amp;nbsp;&lt;/p&gt;', '8', '243', '993', '298', '2', 4),
(343, 13, '&lt;p&gt;&amp;nbsp;What is the RANGE of the following numbers ?&lt;/p&gt;&lt;p&gt;10, 86, 33, 77, 109&lt;/p&gt;', '99', '10', '109', '77', '100', 1),
(344, 13, '&lt;p&gt;&amp;nbsp;What is the RANGE of the following numbers ?&lt;/p&gt;&lt;p&gt;200, 6, 77, 99, 65&lt;/p&gt;', '206', '194', '8', '99', '92', 2),
(345, 13, '&lt;p&gt;&amp;nbsp;What is the RANGE of the following numbers ?&lt;/p&gt;&lt;p&gt;66, 9, 30, 77, 8&lt;/p&gt;', '70', '55', '8', '69', '77', 4),
(346, 13, '&lt;p&gt;&amp;nbsp;What is the RANGE of the following numbers ?&lt;/p&gt;&lt;p&gt;5, 5, 5, 5, 5&lt;/p&gt;', '0', '5', '1', '25', '4', 1),
(347, 13, '&lt;p&gt;What is the MEDIAN of the following numbers ?&lt;/p&gt;&lt;p&gt;123, 7, 66, 9, 1&amp;nbsp;&lt;/p&gt;', '1', '7', '9', '66', '123', 3),
(348, 13, '&lt;p&gt;What is the MEDIAN of the following numbers ?&lt;/p&gt;&lt;p&gt;8, 8, 120, 9, 23, 65&amp;nbsp;&lt;/p&gt;', '8', '12', '16', '20', '24', 3),
(349, 13, '&lt;p&gt;What is the MEDIAN of the following numbers ?&lt;/p&gt;&lt;p&gt;1, 2, 3, 4, 5, 6, 7, 8&lt;/p&gt;', '4', '5', '7', '5.5', '4.5', 5),
(350, 13, '&lt;p&gt;What is the MEDIAN of the following numbers ?&lt;/p&gt;&lt;p&gt;80, 7, 55, 80, 3&lt;/p&gt;', '55', '7', '80', '77', '3', 1),
(351, 13, '&lt;p&gt;What is the MEDIAN of the following numbers ?&lt;/p&gt;&lt;p&gt;44, 88, 5, 77, 2, 64&lt;/p&gt;', '86', '3', '44', '54', '64', 4),
(352, 13, '&lt;p&gt;What is the MEDIAN of the following numbers ?&lt;/p&gt;&lt;p&gt;69, 8, 50, 7, 49&lt;/p&gt;', '69', '8', '50', '7', '49', 5),
(353, 13, '&lt;p&gt;What is the MEDIAN of the following numbers ?&lt;/p&gt;&lt;p&gt;-6, 87, -46, 5, 76&lt;/p&gt;', '-6', '87', '-46', '5', '76', 4),
(355, 13, '&lt;p&gt;&amp;nbsp;What is the MEDIAN of the following numbers ?&lt;/p&gt;&lt;p&gt;-88, -2, -77, -9, 0&lt;/p&gt;', '-88', '-2', '-77', '-9', '0', 4),
(356, 13, '&lt;p&gt;&amp;nbsp;What is the MEDIAN of the following numbers ?&lt;/p&gt;&lt;p&gt;9, 0, 77, 0, 66&lt;/p&gt;', '9', '66', '0', '77', '5', 1),
(357, 13, '&lt;p&gt;&amp;nbsp;What is the MEDIAN of the following numbers ?&lt;/p&gt;&lt;p&gt;30, 6, 88, 8, 80, 2&amp;nbsp;&lt;/p&gt;', '7', '78', '19', '20', '18', 3),
(358, 13, '&lt;p&gt;&amp;nbsp;&lt;/p&gt;&lt;p&gt;What is the MEAN of the following numbers ?&lt;/p&gt;&lt;p&gt;8, 22, 30, 38, 2&amp;nbsp;&lt;/p&gt;', '36', '20', '100', '5', '10', 2),
(359, 13, '&lt;p&gt;&amp;nbsp;&lt;/p&gt;&lt;p&gt;What is the MEAN of the following numbers ?&lt;/p&gt;&lt;p&gt;5, 8, 16, 7, 14&lt;/p&gt;', '9', '16', '8', '10', '8', 4),
(360, 13, '&lt;p&gt;&amp;nbsp;&lt;/p&gt;&lt;p&gt;What is the MEAN of the following numbers ?&lt;/p&gt;&lt;p&gt;24, 13, 6, 46, 31&lt;/p&gt;', '25', '40', '8', '20', '24', 5),
(361, 13, '&lt;p&gt;&amp;nbsp;&lt;/p&gt;&lt;p&gt;What is the MEAN of the following numbers ?&lt;/p&gt;&lt;p&gt;201, 86, 3, 12, 98&lt;/p&gt;', '18', '40', '80', '100', '30', 3),
(362, 13, '&lt;p&gt;What is the MEAN of the following numbers ?&lt;/p&gt;&lt;p&gt;34, 7, 2, 8, 21, 8&amp;nbsp;&lt;/p&gt;', '32', '6', '7.5', '16', '8', 4),
(363, 13, '&lt;p&gt;&amp;nbsp;What is the MEAN of the following numbers ?&lt;/p&gt;&lt;p&gt;44, 8, 7, 21, 70&amp;nbsp;&lt;/p&gt;', '30', '20', '63', '15', '18', 1),
(364, 13, '&lt;p&gt;&amp;nbsp;What is the MEAN of the following numbers ?&lt;/p&gt;&lt;p&gt;6, 6, 6, 6, 6&lt;/p&gt;', '5', '6.5', '6', '30', '0', 3),
(365, 13, '&lt;p&gt;&amp;nbsp;What is the MEAN of the following numbers ?&lt;/p&gt;&lt;p&gt;-9, 6, 0, -8, 11&lt;/p&gt;', '20', '0', '5', '-4', '2', 2),
(366, 13, '&lt;p&gt;&amp;nbsp;What is the MEAN of the following numbers ?&lt;/p&gt;&lt;p&gt;6, 9, 15, 22, 48&amp;nbsp;&lt;/p&gt;', '42', '5', '20', '18', '16', 3),
(367, 13, '&lt;p&gt;&amp;nbsp;What is the MEAN of the following numbers ?&lt;/p&gt;&lt;p&gt;30, 4, 21, 6, 29&lt;/p&gt;', '24', '26', '22', '14', '18', 5),
(382, 15, '&lt;p&gt;&amp;nbsp;Calculate 4/5 x 2/3&lt;/p&gt;', '8/15', '15/8', '42/53', '1/9', '8/9', 1),
(383, 15, '&lt;p&gt;&amp;nbsp;Calculate&amp;nbsp;1/2 x 5/6&lt;/p&gt;', '1/15', '19/8', '5/12', '8/11', '7/9', 3),
(384, 15, '&lt;p&gt;&amp;nbsp;Calculate&amp;nbsp;3/7 x 8&lt;/p&gt;', '1/12', '1/8', '5/12', '8/61', '24/7', 5),
(385, 15, '&lt;p&gt;&amp;nbsp;Calculate&amp;nbsp;4 x 5/9&lt;/p&gt;', '1/2', '21/8', '5/18', '20/9', '2/7', 4),
(386, 15, '&lt;p&gt;&amp;nbsp;Calculate&amp;nbsp;7/10 x 5/6&lt;/p&gt;', '75/60', '2/3', '7/12', '2/9', '2/27', 3),
(387, 15, '&lt;p&gt;&amp;nbsp;Calculate&amp;nbsp;2/9 x 5/7&lt;/p&gt;', '7/6', '26/3', '2/41', '10/63', '8/13', 4),
(388, 15, '&lt;p&gt;&amp;nbsp;Calculate&amp;nbsp;1/9 x 8/11&lt;/p&gt;', '8/99', '16/3', '32/47', '1/3', '7/97', 1),
(389, 15, '&lt;p&gt;&amp;nbsp;Calculate&amp;nbsp;7/8 x 2/5&lt;/p&gt;', '18/35', '16/7', '3/4', '72/85', '7/20', 5),
(390, 15, '&lt;p&gt;Calculate 7/9 x 9/7&amp;nbsp;&lt;/p&gt;', '79/97', '2/3', '1', '16/21', '5/8', 3),
(391, 15, '&lt;p&gt;Calculate&amp;nbsp;4/5 x 9&amp;nbsp;&lt;/p&gt;', '7/91', '22/3', '1/4', '36/5', '9/10', 4),
(392, 15, '&lt;p&gt;Calculate &amp;nbsp;8 divided by 2/3&lt;/p&gt;', '12', '8/3', '82/3', '4/5', '6', 1),
(393, 15, '&lt;p&gt;Calculate &amp;nbsp;3/5 divided by 2/7&lt;/p&gt;', '1/23', '21/10', '8/9', '4/7', '6/15', 2);
INSERT INTO `arc_askquestions` (`id`, `groupid`, `question`, `answer1`, `answer2`, `answer3`, `answer4`, `answer5`, `correctAnswer`) VALUES
(394, 15, '&lt;p&gt;Calculate&amp;nbsp;&amp;nbsp;3/8 divided by 4&lt;/p&gt;', '1/2', '5/8', '1/10', '3/32', '4/9', 4),
(395, 15, '&lt;p&gt;Calculate&amp;nbsp;&amp;nbsp;7 divided by 4/5&lt;/p&gt;', '8', '6/81', '1/15', '7/10', '35/4', 5),
(396, 15, '&lt;p&gt;Calculate&amp;nbsp;&amp;nbsp;1/2 divided by 1/8&lt;/p&gt;', '8', '4', '1/4', '1/2', '10', 2),
(397, 15, '&lt;p&gt;Calculate&amp;nbsp;&amp;nbsp;4/7 divided by 3/8&lt;/p&gt;', '8/13', '1/4', '19/20', '1/32', '32/21', 5),
(398, 15, '&lt;p&gt;Calculate&amp;nbsp;&amp;nbsp;1/5 divided by 3&lt;/p&gt;', '1/15', '15', '1/20', '1/3', '32/27', 1),
(399, 15, '&lt;p&gt;&amp;nbsp;Calculate 7/12 divided by 7&lt;/p&gt;', '12', '7', '1/12', '7/2', '2/7', 3),
(400, 15, '&lt;p&gt;&amp;nbsp;Calculate&amp;nbsp;1/2 divided by 3&lt;/p&gt;', '1/2', '1/6', '1/23', '3/2', '2/5', 2),
(402, 15, '&lt;p&gt;&amp;nbsp;Calculate&amp;nbsp;2 divided by 4/9&lt;/p&gt;', '9/2', '1/4', '2/9', '9', '2', 1),
(403, 15, '&lt;p&gt;Calculate 5/6 + 1/2&amp;nbsp;&lt;/p&gt;', '4/3', '16/5', '1/3', '5/4', '10/3', 1),
(404, 15, '&lt;p&gt;Calculate&amp;nbsp;7/10 + 3/4&amp;nbsp;&lt;/p&gt;', '4/13', '6/5', '4/7', '29/20', '16/3', 4),
(405, 15, '&lt;p&gt;Calculate&amp;nbsp;1/8 + 3/5&lt;/p&gt;', '3/8', '29/40', '14/5', '9/23', '16/7', 2),
(406, 15, '&lt;p&gt;Calculate&amp;nbsp;7/9 + 1/3&lt;/p&gt;', '24/17', '7/8', '4/5', '10/9', '6/73', 4),
(407, 15, '&lt;p&gt;Calculate 3/5 + 2/3&lt;/p&gt;', '1/15', '11/3', '19/15', '5/6', '7/10', 3),
(408, 15, '&lt;p&gt;Calculate&amp;nbsp;2/15 + 1/4&lt;/p&gt;', '23/60', '1/3', '1/2', '5/9', '7/12', 1),
(409, 15, '&lt;p&gt;Calculate&amp;nbsp;3/4 + 4/5&lt;/p&gt;', '31/20', '11/34', '1/25', '52/29', '27/13', 1),
(410, 15, '&lt;p&gt;Calculate 5/8&amp;nbsp;+ 2/9&amp;nbsp;&amp;nbsp;&lt;/p&gt;', '3/16', '18/19', '61/72', '5/18', '50/53', 3),
(411, 15, '&lt;p&gt;Calculate&amp;nbsp;1/4 + 7/10&amp;nbsp;&lt;/p&gt;', '43/16', '18/23', '1/7', '5/21', '19/20', 5),
(412, 15, '&lt;p&gt;Calculate&amp;nbsp;4/7 + 6/7&amp;nbsp;&lt;/p&gt;', '3/5', '8/11', '10/7', '15/2', '9/13', 3),
(414, 15, '&lt;p&gt;&amp;nbsp;Calculate 4/5 - 1/2&lt;/p&gt;', '13/10', '3/10', '2/3', '3/4', '41/10', 2),
(415, 15, '&lt;p&gt;&amp;nbsp;Calculate&amp;nbsp;7/10 - 2/3&lt;/p&gt;', '7/8', '51/30', '1/30', '3/14', '2/9', 3),
(416, 15, '&lt;p&gt;&amp;nbsp;Calculate&amp;nbsp;6/7 - 2/3&lt;/p&gt;', '27/13', '5/3', '11/5', '32/21', '4/21', 5),
(417, 15, '&lt;p&gt;&amp;nbsp;Calculate 5/8 - 1/3&lt;/p&gt;', '8/15', '7/24', '7/13', '1/2', '5/87', 2),
(418, 15, '&lt;p&gt;&amp;nbsp;Calculate&amp;nbsp;2/5 - 1/2&lt;/p&gt;', '8/23', '17/24', '-1/10', '1/2', '5/8', 3),
(419, 15, '&lt;p&gt;&amp;nbsp;Calculate&amp;nbsp;5/7 - 2/3&lt;/p&gt;', '1/21', '4/9', '8/15', '1/2', '1/8', 1),
(420, 15, '&lt;p&gt;&amp;nbsp;Calculate 5/6 - 3/4&lt;/p&gt;', '5/24', '2/7', '5/9', '1/12', '3/16', 4),
(421, 15, '&lt;p&gt;&amp;nbsp;Calculate&amp;nbsp;8/13 - 1/2&lt;/p&gt;', '5/2', '62/17', '15/8', '1/14', '3/26', 5),
(422, 15, '&lt;p&gt;&amp;nbsp;Calculate&amp;nbsp;1/2&amp;nbsp;- 1/5&lt;/p&gt;', '3/4', '2/7', '3/10', '6/11', '3/2', 3),
(423, 15, '&lt;p&gt;&amp;nbsp;Calculate 4/5 - 3/4&lt;/p&gt;', '1/2', '1/20', '2/5', '4/11', '2/13', 2),
(424, 15, '&lt;p&gt;In this question the SAME letter must fit into BOTH sets of brackets, to complete the word in front of the brackets and begin the word after the brackets. Find this letter.&lt;/p&gt;&lt;p&gt;mea [&amp;nbsp; ] able&lt;/p&gt;&lt;p&gt;sal [&amp;nbsp; &amp;nbsp;]&amp;nbsp;ime&lt;/p&gt;', 'c', 'd', 't', 'l', 'm', 3),
(425, 15, '&lt;p&gt;In this question the SAME letter must fit into BOTH sets of brackets, to complete the word in front of the brackets and begin the word after the brackets. Find this letter.&lt;/p&gt;&lt;p&gt;churc&amp;nbsp;[&amp;nbsp; ] ole&lt;/p&gt;&lt;p&gt;muc&amp;nbsp;[&amp;nbsp; &amp;nbsp;]&amp;nbsp;eavy&lt;/p&gt;', 'h', 'm', 'y', 's', 'm', 1),
(426, 15, '&lt;p&gt;In this question the SAME letter must fit into BOTH sets of brackets, to complete the word in front of the brackets and begin the word after the brackets. Find this letter.&lt;/p&gt;&lt;p&gt;tra&amp;nbsp;[&amp;nbsp; ] ellow&lt;/p&gt;&lt;p&gt;scar&amp;nbsp;[&amp;nbsp; &amp;nbsp;]&amp;nbsp;east&lt;/p&gt;', 'p', 'm', 'f', 's', 'y', 5),
(427, 15, '&lt;p&gt;In this question the SAME letter must fit into BOTH sets of brackets, to complete the word in front of the brackets and begin the word after the brackets. Find this letter.&lt;/p&gt;&lt;p&gt;gri&amp;nbsp;[&amp;nbsp; ] rade&lt;/p&gt;&lt;p&gt;scrip&amp;nbsp;[&amp;nbsp; &amp;nbsp;]&amp;nbsp;oast&lt;/p&gt;', 'b', 't', 'p', 'm', 'g', 2),
(428, 15, '&lt;p&gt;In this question the SAME letter must fit into BOTH sets of brackets, to complete the word in front of the brackets and begin the word after the brackets. Find this letter.&lt;/p&gt;&lt;p&gt;div&amp;nbsp;[&amp;nbsp; ] ach&lt;/p&gt;&lt;p&gt;fir&amp;nbsp;[&amp;nbsp; &amp;nbsp;]&amp;nbsp;arth&lt;/p&gt;&lt;p&gt;&amp;nbsp;&lt;/p&gt;', 'a', 'm', 'b', 'e', 'n', 4),
(429, 15, '&lt;p&gt;In this question&amp;nbsp;one letter can be moved from the first word to the second word, to make two new words. The letters must&amp;nbsp;NOT be otherwise rearranged and&amp;nbsp;BOTH new words must make sense. Find the letter that moves.&lt;/p&gt;&lt;p&gt;cloud&amp;nbsp;&amp;nbsp;&amp;nbsp;&amp;nbsp; once&lt;/p&gt;&lt;p&gt;&amp;nbsp;&lt;/p&gt;', 'c', 'l', 'o', 'u', 'd', 4),
(430, 15, '&lt;p&gt;In this question&amp;nbsp;one letter can be moved from the first word to the second word, to make two new words. The letters must&amp;nbsp;NOT be otherwise rearranged and&amp;nbsp;BOTH new words must make sense. Find the letter that moves.&lt;/p&gt;&lt;p&gt;bland&amp;nbsp;&amp;nbsp;&amp;nbsp;&amp;nbsp;&amp;nbsp; ale&lt;/p&gt;&lt;p&gt;&amp;nbsp;&lt;/p&gt;', 'b', 'l', 'a', 'n', 'd', 1),
(431, 15, '&lt;p&gt;In this question&amp;nbsp;one letter can be moved from the first word to the second word, to make two new words. The letters must&amp;nbsp;NOT be otherwise rearranged and&amp;nbsp;BOTH new words must make sense. Find the letter that moves.&lt;/p&gt;&lt;p&gt;tramp&amp;nbsp;&amp;nbsp;&amp;nbsp;&amp;nbsp;refer&lt;/p&gt;&lt;p&gt;&amp;nbsp;&lt;/p&gt;', 't', 'r', 'a', 'm', 'p', 5),
(432, 15, '&lt;p&gt;In this question&amp;nbsp;one letter can be moved from the first word to the second word, to make two new words. The letters must&amp;nbsp;NOT be otherwise rearranged and&amp;nbsp;BOTH new words must make sense. Find the letter that moves.&lt;/p&gt;&lt;p&gt;Heron&amp;nbsp;&amp;nbsp;&amp;nbsp;&amp;nbsp;crow&lt;/p&gt;&lt;p&gt;&amp;nbsp;&lt;/p&gt;', 'e', 'r', 'n', 'h', 'o', 3),
(433, 15, '&lt;p&gt;&amp;nbsp;&lt;/p&gt;&lt;p&gt;In this question&amp;nbsp;one letter can be moved from the first word to the second word, to make two new words. The letters must&amp;nbsp;NOT be otherwise rearranged and&amp;nbsp;BOTH new words must make sense. Find the letter that moves.&lt;/p&gt;&lt;p&gt;ridge&amp;nbsp;&amp;nbsp;&amp;nbsp;&amp;nbsp;&amp;nbsp; ear&lt;/p&gt;', 'r', 'i', 'd', 'g', 'e', 4),
(737, 13, '&lt;p&gt;&amp;nbsp;What is the RANGE of the following numbers ?&lt;/p&gt;&lt;p&gt;300, 6, 77, 99, 65, 4&lt;/p&gt;', '206', '194', '296', '99', '92', 3),
(738, 13, '&lt;p&gt;&amp;nbsp;What is the RANGE of the following numbers ?&lt;/p&gt;&lt;p&gt;40, 7, 33, 88, 32, 9&lt;/p&gt;', '81', '9', '32', '99', '40', 1),
(739, 13, '&lt;p&gt;What is the RANGE of the following numbers ?&lt;/p&gt;&lt;p&gt;74, 6, 33, 12, 32, 4&lt;/p&gt;', '33', '18', '12', '70', '9', 4),
(740, 13, '&lt;p&gt;What is the RANGE of the following numbers ?&lt;/p&gt;&lt;p&gt;98, 3, 76, 6, 13, 104&lt;/p&gt;', '33', '104', '101', '70', '9', 3),
(741, 13, '&lt;p&gt;What is the RANGE of the following numbers ?&lt;/p&gt;&lt;p&gt;16, 3, 17, 6, 13, 1&lt;/p&gt;', '16', '1', '101', '17', '9', 1),
(742, 13, '&lt;p&gt;What is the RANGE of the following numbers ?&lt;/p&gt;&lt;p&gt;6, 7, 43, 8, 1, 9&lt;/p&gt;', '13', '8', '42', '17', '44', 3),
(743, 13, '&lt;p&gt;What is the RANGE of the following numbers ?&lt;/p&gt;&lt;p&gt;41, 7, 33, 88, 32, 9, 3&lt;/p&gt;', '81', '9', '32', '85', '40', 4),
(744, 13, '&lt;p&gt;What is the RANGE of the following numbers ?&lt;/p&gt;&lt;p&gt;18, 49, 19, 13, 2&lt;/p&gt;', '47', '48', '32', '88', '12', 1),
(745, 13, '&lt;p&gt;What is the RANGE of the following numbers ?&lt;/p&gt;&lt;p&gt;1, 4, 8, 16, 24, 9&lt;/p&gt;', '16', '24', '9', '23', '1', 4),
(746, 13, '&lt;p&gt;What is the RANGE of the following numbers ?&lt;/p&gt;&lt;p&gt;100, 101, 27, 18, 102, 7, 16&lt;/p&gt;', '101', '102', '95', '100', '98', 3),
(747, 4, 'What is 16 divided by 0.2 &amp;nbsp;?', '500', '5', '20', '80', '25', 4),
(749, 4, 'Select the value that has the smallest value', '10%', '0.08', '1/5', '1.02', '0.008', 5),
(750, 4, 'What is 32 divided by 0.4 &amp;nbsp;?', '500', '5', '20', '80', '25', 4),
(751, 4, 'John scored 60 out of 140 in a science test. What was his % score ?', '78%', '65%', '0.78', '84%', '84%', 5),
(752, 4, 'John scored 32 out of 140 in a science test. What was his % score ?', '78%', '44.8', '0.78', '44.8%', '84%', 4),
(753, 4, 'What is 2 divided by 0.2 &amp;nbsp;?', '0', '11', '10', '16', '1', 3);

-- --------------------------------------------------------

--
-- Table structure for table `arc_askquestion_groups`
--

CREATE TABLE IF NOT EXISTS `arc_askquestion_groups` (
  `id` int(11) NOT NULL AUTO_INCREMENT,
  `name` varchar(255) NOT NULL,
  `txt` text NOT NULL,
  `visible` tinyint(4) NOT NULL,
  PRIMARY KEY (`id`)
) ENGINE=InnoDB  DEFAULT CHARSET=utf8 AUTO_INCREMENT=16 ;

--
-- Dumping data for table `arc_askquestion_groups`
--

INSERT INTO `arc_askquestion_groups` (`id`, `name`, `txt`, `visible`) VALUES
(3, 'CORE WEEK 03 Homework 02-11-14: Factors, multiples, Special numbers, Fractions / Missing word & Hidden word', '', 0),
(4, 'CORE WEEK 04 Homework 09-11-14: Decimals and Percentages', '', 1),
(7, 'CORE WEEK 06 Homework 23-11-14: Number Machines / BIDMAS', '', 1),
(8, 'CORE WEEK 07 Homework 30-11-14: Ratio and Proportion / Related Numbers', '', 1),
(12, 'CORE WEEK 05 Homework 16-11-14: Number Value and Number Series', '', 1),
(13, 'CORE WEEK 01 Homework 12-10-14: Averages', '', 1),
(15, 'CORE WEEK 02 Homework 26-10-14: Fractions / Insert a letter & Move a letter', '', 1);

-- --------------------------------------------------------

--
-- Table structure for table `arc_askquestion_results`
--

CREATE TABLE IF NOT EXISTS `arc_askquestion_results` (
  `id` int(11) NOT NULL AUTO_INCREMENT,
  `groupid` int(11) NOT NULL,
  `questionid` int(11) NOT NULL,
  `userid` int(11) NOT NULL,
  `resultno` int(11) NOT NULL,
  `timetaken` int(11) NOT NULL,
  `questionno` int(11) NOT NULL,
  `pack` date NOT NULL,
  PRIMARY KEY (`id`)
) ENGINE=InnoDB  DEFAULT CHARSET=utf8 AUTO_INCREMENT=49 ;

--
-- Table structure for table `arc_skype`
--

CREATE TABLE IF NOT EXISTS `arc_skype` (
  `id` int(11) NOT NULL AUTO_INCREMENT,
  `userid` int(11) NOT NULL,
  `date` date NOT NULL,
  `time` time NOT NULL,
  `status` int(11) NOT NULL,
  `notes` text NOT NULL,
  PRIMARY KEY (`id`)
) ENGINE=MyISAM  DEFAULT CHARSET=latin1 AUTO_INCREMENT=141 ;


--
-- Table structure for table `arc_wall`
--

CREATE TABLE IF NOT EXISTS `arc_wall` (
  `id` int(11) NOT NULL AUTO_INCREMENT,
  `user` varchar(255) NOT NULL,
  `userid` int(11) NOT NULL,
  `posted` datetime NOT NULL,
  `content` text NOT NULL,
  PRIMARY KEY (`id`)
) ENGINE=InnoDB  DEFAULT CHARSET=utf8 AUTO_INCREMENT=8 ;

--
-- Table structure for table `erudio_excerpts`
--

CREATE TABLE IF NOT EXISTS `erudio_excerpts` (
  `id` int(11) NOT NULL AUTO_INCREMENT,
  `content` text NOT NULL,
  `name` varchar(50) NOT NULL,
  PRIMARY KEY (`id`)
) ENGINE=InnoDB  DEFAULT CHARSET=latin1 AUTO_INCREMENT=3 ;

--
-- Dumping data for table `erudio_excerpts`
--

INSERT INTO `erudio_excerpts` (`id`, `content`, `name`) VALUES
(1, 'YOU don''t know about me without you have read a book by the name of The Adventures of Tom Sawyer; but that ain''t no matter.  That book was made by Mr. Mark Twain, and he told the truth, mainly.  There was things which he stretched, but mainly he told the truth.  That is nothing.  I never seen anybody but lied one time or another, without it was Aunt Polly, or the widow, or maybe Mary.  Aunt Polly—Tom''s Aunt Polly, she is—and Mary, and the Widow Douglas is all told about in that book, which is mostly a true book, with some stretchers, as I said before.\r\nNow the way that the book winds up is this:  Tom and me found the money that the robbers hid in the cave, and it made us rich.  We got six thousand dollars apiece—all gold.  It was an awful sight of money when it was piled up.  Well, Judge Thatcher he took it and put it out at interest, and it fetched us a dollar a day apiece all the year round—more than a body could tell what to do with.  The Widow Douglas she took me for her son, and allowed she would sivilize me; but it was rough living in the house all the time, considering how dismal regular and decent the widow was in all her ways; and so when I couldn''t stand it no longer I lit out.  I got into my old rags and my sugar-hogshead again, and was free and satisfied.  But Tom Sawyer he hunted me up and said he was going to start a band of robbers, and I might join if I would go back to the widow and be respectable.  So I went back.\r\nThe widow she cried over me, and called me a poor lost lamb, and she called me a lot of other names, too, but she never meant no harm by it. She put me in them new clothes again, and I couldn''t do nothing but sweat and sweat, and feel all cramped up.  Well, then, the old thing commenced again.  The widow rung a bell for supper, and you had to come to time. When you got to the table you couldn''t go right to eating, but you had to wait for the widow to tuck down her head and grumble a little over the victuals, though there warn''t really anything the matter with them,—that is, nothing only everything was cooked by itself.  In a barrel of odds and ends it is different; things get mixed up, and the juice kind of swaps around, and the things go better.\r\nAfter supper she got out her book and learned me about Moses and the Bulrushers, and I was in a sweat to find out all about him; but by and by she let it out that Moses had been dead a considerable long time; so then I didn''t care no more about him, because I don''t take no stock in dead people.\r\n\r\nPretty soon I wanted to smoke, and asked the widow to let me.  But she wouldn''t.  She said it was a mean practice and wasn''t clean, and I must try to not do it any more.  That is just the way with some people.  They get down on a thing when they don''t know nothing about it.  Here she was a-bothering about Moses, which was no kin to her, and no use to anybody, being gone, you see, yet finding a power of fault with me for doing a thing that had some good in it.  And she took snuff, too; of course that was all right, because she done it herself.\r\nHer sister, Miss Watson, a tolerable slim old maid, with goggles on, had just come to live with her, and took a set at me now with a spelling-book. She worked me middling hard for about an hour, and then the widow made her ease up.  I couldn''t stood it much longer.  Then for an hour it was deadly dull, and I was fidgety.  Miss Watson would say, "Don''t put your feet up there, Huckleberry;" and "Don''t scrunch up like that, Huckleberry—set up straight;" and pretty soon she would say, "Don''t gap and stretch like that, Huckleberry—why don''t you try to behave?"  Then she told me all about the bad place, and I said I wished I was there. She got mad then, but I didn''t mean no harm.  All I wanted was to go somewheres; all I wanted was a change, I warn''t particular.  She said it was wicked to say what I said; said she wouldn''t say it for the whole world; she was going to live so as to go to the good place.  Well, I couldn''t see no advantage in going where she was going, so I made up my mind I wouldn''t try for it.  But I never said so, because it would only make trouble, and wouldn''t do no good.\r\n\r\nNow she had got a start, and she went on and told me all about the good place.  She said all a body would have to do there was to go around all day long with a harp and sing, forever and ever.  So I didn''t think much of it. But I never said so.  I asked her if she reckoned Tom Sawyer would go there, and she said not by a considerable sight.  I was glad about that, because I wanted him and me to be together.\r\nMiss Watson she kept pecking at me, and it got tiresome and lonesome.  By and by they fetched the niggers in and had prayers, and then everybody was off to bed.  I went up to my room with a piece of candle, and put it on the table.  Then I set down in a chair by the window and tried to think of something cheerful, but it warn''t no use.  I felt so lonesome I most wished I was dead.  The stars were shining, and the leaves rustled in the woods ever so mournful; and I heard an owl, away off, who-whooing about somebody that was dead, and a whippowill and a dog crying about somebody that was going to die; and the wind was trying to whisper something to me, and I couldn''t make out what it was, and so it made the cold shivers run over me. Then away out in the woods I heard that kind of a sound that a ghost makes when it wants to tell about something that''s on its mind and can''t make itself understood, and so can''t rest easy in its grave, and has to go about that way every night grieving.  I got so down-hearted and scared I did wish I had some company.  Pretty soon a spider went crawling up my shoulder, and I flipped it off and it lit in the candle; and before I could budge it was all shriveled up.  I didn''t need anybody to tell me that that was an awful bad sign and would fetch me some bad luck, so I was scared and most shook the clothes off of me. I got up and turned around in my tracks three times and crossed my breast every time; and then I tied up a little lock of my hair with a thread to keep witches away.  But I hadn''t no confidence.  You do that when you''ve lost a horseshoe that you''ve found, instead of nailing it up over the door, but I hadn''t ever heard anybody say it was any way to keep off bad luck when you''d killed a spider.\r\nI set down again, a-shaking all over, and got out my pipe for a smoke; for the house was all as still as death now, and so the widow wouldn''t know. Well, after a long time I heard the clock away off in the town go boom—boom—boom—twelve licks; and all still again—stiller than ever. Pretty soon I heard a twig snap down in the dark amongst the trees—something was a stirring.  I set still and listened.  Directly I could just barely hear a "me-yow! me-yow!" down there.  That was good!  Says I, "me-yow! me-yow!" as soft as I could, and then I put out the light and scrambled out of the window on to the shed.  Then I slipped down to the ground and crawled in among the trees, and, sure enough, there was Tom Sawyer waiting for me.', 'Adventures of Huckleberry Finn'),
(2, 'It is a truth universally acknowledged, that a single man in possession of a good fortune, must be in want of a wife.\r\nHowever little known the feelings or views of such a man may be on his first entering a neighbourhood, this truth is so well fixed in the minds of the surrounding families, that he is considered the rightful property of some one or other of their daughters.\r\n"My dear Mr. Bennet," said his lady to him one day, "have you heard that Netherfield Park is let at last?"\r\nMr. Bennet replied that he had not.\r\n"But it is," returned she; "for Mrs. Long has just been here, and she told me all about it."\r\nMr. Bennet made no answer.\r\n"Do you not want to know who has taken it?" cried his wife impatiently.\r\n"You want to tell me, and I have no objection to hearing it."\r\nThis was invitation enough.\r\n"Why, my dear, you must know, Mrs. Long says that Netherfield is taken by a young man of large fortune from the north of England; that he came down on Monday in a chaise and four to see the place, and was so much delighted with it, that he agreed with Mr. Morris immediately; that he is to take possession before Michaelmas, and some of his servants are to be in the house by the end of next week."\r\n"What is his name?"\r\n"Bingley."\r\n"Is he married or single?"\r\n"Oh! Single, my dear, to be sure! A single man of large fortune; four or five thousand a year. What a fine thing for our girls!"\r\n"How so? How can it affect them?"\r\n"My dear Mr. Bennet," replied his wife, "how can you be so tiresome! You must know that I am thinking of his marrying one of them."\r\n"Is that his design in settling here?"\r\n"Design! Nonsense, how can you talk so! But it is very likely that he may fall in love with one of them, and therefore you must visit him as soon as he comes."\r\n"I see no occasion for that. You and the girls may go, or you may send them by themselves, which perhaps will be still better, for as you are as handsome as any of them, Mr. Bingley may like you the best of the party."\r\n"My dear, you flatter me. I certainly have had my share of beauty, but I do not pretend to be anything extraordinary now. When a woman has five grown-up daughters, she ought to give over thinking of her own beauty."\r\n"In such cases, a woman has not often much beauty to think of."\r\n"But, my dear, you must indeed go and see Mr. Bingley when he comes into the neighbourhood."\r\n"It is more than I engage for, I assure you."\r\n"But consider your daughters. Only think what an establishment it would be for one of them. Sir William and Lady Lucas are determined to go, merely on that account, for in general, you know, they visit no newcomers. Indeed you must go, for it will be impossible for us to visit him if you do not."\r\n"You are over-scrupulous, surely. I dare say Mr. Bingley will be very glad to see you; and I will send a few lines by you to assure him of my hearty consent to his marrying whichever he chooses of the girls; though I must throw in a good word for my little Lizzy."\r\n"I desire you will do no such thing. Lizzy is not a bit better than the others; and I am sure she is not half so handsome as Jane, nor half so good-humoured as Lydia. But you are always giving her the preference."\r\n"They have none of them much to recommend them," replied he; "they are all silly and ignorant like other girls; but Lizzy has something more of quickness than her sisters."\r\n"Mr. Bennet, how can you abuse your own children in such a way? You take delight in vexing me. You have no compassion for my poor nerves."\r\n"You mistake me, my dear. I have a high respect for your nerves. They are my old friends. I have heard you mention them with consideration these last twenty years at least."\r\n"Ah, you do not know what I suffer."\r\n"But I hope you will get over it, and live to see many young men of four thousand a year come into the neighbourhood."\r\n"It will be no use to us, if twenty such should come, since you will not visit them."\r\n"Depend upon it, my dear, that when there are twenty, I will visit them all."\r\nMr. Bennet was so odd a mixture of quick parts, sarcastic humour, reserve, and caprice, that the experience of three-and-twenty years had been insufficient to make his wife understand his character. Her mind was less difficult to develop. She was a woman of mean understanding, little information, and uncertain temper. When she was discontented, she fancied herself nervous. The business of her life was to get her daughters married; its solace was visiting and news.', 'Pride and Prejudice');

-- --------------------------------------------------------

--
-- Table structure for table `erudio_multistage`
--

CREATE TABLE IF NOT EXISTS `erudio_multistage` (
  `id` int(11) NOT NULL AUTO_INCREMENT,
  `masterquestion` text NOT NULL,
  `question1` text NOT NULL,
  `question2` text NOT NULL,
  `question3` text NOT NULL,
  `question4` text NOT NULL,
  `question5` text NOT NULL,
  `answer1` varchar(100) NOT NULL,
  `answer2` varchar(100) NOT NULL,
  `answer3` varchar(100) NOT NULL,
  `answer4` varchar(100) NOT NULL,
  `answer5` varchar(100) NOT NULL,
  PRIMARY KEY (`id`)
) ENGINE=InnoDB  DEFAULT CHARSET=latin1 AUTO_INCREMENT=19 ;

--
-- Dumping data for table `erudio_multistage`
--

INSERT INTO `erudio_multistage` (`id`, `masterquestion`, `question1`, `question2`, `question3`, `question4`, `question5`, `answer1`, `answer2`, `answer3`, `answer4`, `answer5`) VALUES
(16, 'Professor Timeskip has built a time machine. He has set the destination time frame to send him to the year 2085.\n', 'During his calculations he accidently added {n1} years. What year will he arrive in?', 'The professor then decides he needs to travel back {n2} years. What year would he arrive in?', 'The professor then travels back {n3} years. What year would it be?', 'The professor then programs the time machine to take him back home to the year 2015.\n&lt;br&gt;How many years does the professor need to subtract?', 'The professor is relaxing in bed when he accidently knocks the time machine''s controls sending the device back {n4} years.&lt;br&gt;\nWhat year will the time machine end up in?', '2085 + {n1}~', '(2085 + {n1}) - {n2}~', '((2085 + {n1}) - {n2}) - {n3}~', '(((2085 + {n1}) - {n2}) - {n3}) - 2015~', '2015 - {n4}~'),
(17, 'So you like to be tested? I''m thinking of the number {n1}.', 'Now add {n2}.', 'Got it? Now multiply by {n3}.', 'Still with me? Subtract {n4}.', 'Great! How about divide by {n5}.', 'Too easy. Add {n6}.', '{n1} + {n2}~', '({n1} + {n2}) * {n3}~', '(({n1} + {n2}) * {n3}) - {n4}~', '((({n1} + {n2}) * {n3}) - {n4}) / {n5}~', '(((({n1} + {n2}) * {n3}) - {n4}) / {n5}) + {n6}~'),
(18, '{p1} has gone on holiday for {n1} days to the tropics.', '{p1} bought the ticket with a discount voucher from the paper.&lt;br /&gt;\nThe holiday original cost &pound;{n2} but {p1} got {n3}% off.&lt;br /&gt;\nHow much did the holiday cost?', '{p1} bought {n4} new luggage bags to take on holiday and spent &pound;{n5}.&lt;br /&gt;\nHow much was each bag?', 'On the flight {p1} worked out how much each day of the holiday cost.&lt;br /&gt;\nWhat was the answer?', 'When {p1} arrived it was so nice that {p1} paid for an additional day.&lt;br /&gt;What is the total {p1} has now paid in to go on holiday?', 'While playing bingo, {p1} won &pound;{n6}.&lt;br /&gt;How much has the total holiday now cost?', '{n2} - ({n2} / 100 * {n3})', '{n5} / {n4}', '({n2} - ({n2} / 100 * {n3})) / {n1}', '({n2} - ({n2} / 100 * {n3})) + (({n2} - ({n2} / 100 * {n3})) / {n1}) + {n5}', '(({n2} - ({n2} / 100 * {n3})) + (({n2} - ({n2} / 100 * {n3})) / {n1}) + {n5}) - {n6}');

-- --------------------------------------------------------

--
-- Table structure for table `erudio_multistageresults`
--

CREATE TABLE IF NOT EXISTS `erudio_multistageresults` (
  `id` int(11) NOT NULL AUTO_INCREMENT,
  `questionid` int(11) NOT NULL,
  `userid` int(11) NOT NULL,
  `start` datetime NOT NULL,
  `answer1` varchar(50) NOT NULL,
  `answer2` varchar(50) NOT NULL,
  `answer3` varchar(50) NOT NULL,
  `answer4` varchar(50) NOT NULL,
  `answer5` varchar(50) NOT NULL,
  `taken` int(50) NOT NULL,
  PRIMARY KEY (`id`)
) ENGINE=InnoDB DEFAULT CHARSET=utf8 AUTO_INCREMENT=1 ;

-- --------------------------------------------------------

--
-- Table structure for table `erudio_oddoneoutresults`
--

CREATE TABLE IF NOT EXISTS `erudio_oddoneoutresults` (
  `id` int(11) NOT NULL AUTO_INCREMENT,
  `userid` int(11) NOT NULL,
  `start` datetime NOT NULL,
  `answer` varchar(255) NOT NULL,
  `taken` int(11) NOT NULL,
  `words` varchar(500) NOT NULL,
  PRIMARY KEY (`id`)
) ENGINE=MyISAM DEFAULT CHARSET=latin1 AUTO_INCREMENT=1 ;

-- --------------------------------------------------------

--
-- Table structure for table `erudio_quickfire`
--

CREATE TABLE IF NOT EXISTS `erudio_quickfire` (
  `id` int(11) NOT NULL AUTO_INCREMENT,
  `question` text NOT NULL,
  `solution` varchar(255) NOT NULL,
  `image` varchar(50) DEFAULT NULL,
  PRIMARY KEY (`id`)
) ENGINE=InnoDB  DEFAULT CHARSET=latin1 AUTO_INCREMENT=45 ;

--
-- Dumping data for table `erudio_quickfire`
--

INSERT INTO `erudio_quickfire` (`id`, `question`, `solution`, `image`) VALUES
(1, 'Find and type in the value of {l1} using the given formula.<br />\r\n<br />\r\n{l2} = {n1}, {l3} = {n2}<br />\r\n<br />\r\n{l1} = {l2} &divide; {l3}', '{n1} / {n2}~', NULL),
(2, 'Find and type in the value of {l1} using the given formula.<br />\r\n<br />\r\n{l2} = {n1}, {l3} = {n2}<br />\r\n<br />\r\n{l1} = {l2} + {l3}', '{n1} + {n2}', NULL),
(3, 'Find and type in the value of {l1} using the given formula.<br />\r\n<br />\r\n{l2} = {n1}, {l3} = {n2}<br />\r\n<br />\r\n{l1} = {l2} - {l3}', '{n1} - {n2}', NULL),
(4, 'Find and type in the value of {l1} using the given formula.<br />\r\n<br />\r\n{l2} = {n1}, {l3} = {n2}<br />\r\n<br />\r\n{l1} = {l2} &times; {l3}', '{n1} * {n2}~', NULL),
(5, 'Find and type in the value of the given as a percent.<br />\r\n<br />\r\n{n1}% of {n2}', '{n2}/100*{n1}~', NULL),
(6, 'Find and type in the value of the given formula.<br />\r\n<br />\r\n<sup>{n1}</sup>&frasl;<sub>{n2}</sub> + {n3}', '{n1}/{n2}+{n3}~', NULL),
(7, 'Find and type in the value of the mean for these numbers.<br />\r\n<br />\r\n{n1}, {n2}, {n3}, {n4}, {n5}', '({n1}+{n2}+{n3}+{n4}+{n5})/5~', NULL),
(8, 'Find and type in the value of {l1} using the given formula.<br />\r\n<br />\r\n{n1}{l1} + {n2} = {n3}', '({n3}-{n2})/{n1}~', NULL),
(9, 'Find and type in the value of {l1} using the given formula.<br />\r\n<br />\r\n{n1}{l1} - {n2} = {n3}', '({n3}+{n2})/{n1}~', NULL),
(10, 'Find and type in the value of the mode for these numbers.<br />\r\n<br />\r\n{n1}, {n4}, {n2}, {n3}, {n4}, {n2}, {n5}, {n4}', '{n4}~', NULL),
(11, 'Find and type in the value of the mode for these numbers.<br />\r\n<br />\r\n{n1}, {n2}, {n3}, {n4}, {n2}, {n5}', '{n2}~', NULL),
(12, 'Find and type in the value of the mode for these numbers.<br />\r\n<br />\r\n{n1}, {n2}, {n3}, {n1}, {n4}, {n2}, {n5}, {n1}', '{n1}~', NULL),
(14, 'What is the volume of this cuboid if the height is {n1}{u1}, width is {n2}{u1} and the length is {n3}{u1}?', '{n1} * {n2} * {n3}~', 'rectangle.png'),
(15, 'What is the volume of this wedge if the height is {n1}{u1}, width is {n2}{u1} and the length is {n3}{u1}?', '({n1} * {n2} * {n3}) / 2~', 'wedge.png'),
(16, 'What is the area of this square if the height is {n1}{u1}?', '{n1} * {n1}~', 'square.png'),
(17, 'What is the perimeter of this square if the side is {n1}{u1}?', '4 * {n1}~', 'square.png'),
(18, 'What is the area of this triangle if perpendicular height is {n1}{u1} and the base is {n2}{u1}?', '{n2} * {n1} / 2~', 'triangle.png'),
(20, 'You want to buy a product in a store.<br />\nThe product costs £{n1} plus tax of {n2}%.<br />\nWhat is the total price?', '(({n1}/100)*{n2}) + {n1}', ''),
(22, 'What is {n1}&sup2; expressed as a decimal?', '{n1} * {n1}', ''),
(23, 'What is {n1}&sup3; expressed as a decimal?', '{n1} * {n1} * {n1}', ''),
(24, 'What is the circumference of this circle if the diameter is {n1}?', '3.14 * {n1}', 'circle.png'),
(25, 'What is the diameter of this circle if the radius is {n1}?', '{n1} * 2', 'circle.png'),
(26, 'What is the area of this circle if the radius is {n1}?', '3.14 * {n1} * {n1}', 'circle.png'),
(27, 'What is {n1}cm in mm?', '{n1} * 10', ''),
(28, 'What is {n1}mm in cm?', '{n1} / 10', ''),
(29, 'What is {n1}km in m?', '{n1} * 1000', ''),
(30, 'What is {n1}m in km?', '{n1} / 1000', ''),
(31, 'What is {n1} tonne in kg?', '{n1} * 1000', ''),
(32, 'Whats is {n1}kg in tonnes?', '{n1} / 1000', ''),
(33, 'What is {n1}kg to g?', '{n1} * 1000', ''),
(34, 'What is {n1}g to kg?', '{n1} / 1000', ''),
(35, 'What is {n1}g to mg?', '{n1} * 1000', ''),
(36, 'What is {n1}mg to g?', '{n1} / 1000', ''),
(37, 'What is {n1}l to cl?', '{n1} * 100', ''),
(38, 'What is {n1}cl to l?', '{n1} / 100', ''),
(39, 'What is {n1}cl to ml?', '{n1} * 10', ''),
(40, 'What is {n1}ml to cl?', '{n1} / 10', ''),
(41, 'If {p1} was travelling {n1}km and it took {n2} hours to get there.<br />\nWhat speed did {p1} travel at?', '{n1} / {n2}', ''),
(42, 'If {p1} drove a car at {n1}km/h for {n2} hours.<br />\nHow far would {p1} have travelled?', '{n1} * {n2}', ''),
(43, 'If {p1} travelled {n1}km at the speed of {n2}km/h.<br />\nHow long would it take? ', '{n1} / {n2}', ''),
(44, 'If {p1} flips a standard two sided coin {n1} times.<br />\nWhat is the probability of the coin landing heads up, expressed as a decimal?', '{n1} / 2', '');

-- --------------------------------------------------------

--
-- Table structure for table `erudio_sentences`
--

CREATE TABLE IF NOT EXISTS `erudio_sentences` (
  `id` int(11) NOT NULL,
  `sentence` varchar(1000) NOT NULL,
  PRIMARY KEY (`id`)
) ENGINE=InnoDB DEFAULT CHARSET=latin1;

--
-- Dumping data for table `erudio_sentences`
--

INSERT INTO `erudio_sentences` (`id`, `sentence`) VALUES
(1, 'My mobile phone cost more two hundred pounds lost'),
(2, 'Deciduous trees shed their leaves in the winter small'),
(3, 'I often wonder about the wonders of science wood'),
(4, 'Another name for a chimney is a flue flew'),
(5, 'America`s main unit of currency is the dollar capital'),
(6, 'A star is a light emitting celestial object cheese'),
(7, 'In four years` time I will be twenty can'),
(8, 'Basalt is an example of an igneous rock salt'),
(9, 'Miserly people do not like spending their money often'),
(10, 'When in Rome do as the romans do what'),
(11, 'Some scientists think global warming is a myth final'),
(12, 'The internet is a truly amazing innovative invention an'),
(13, 'Watching too much television sometimes gives me headaches radio'),
(14, 'I would love to visit the Vatican City sand'),
(15, 'My friend likes driving fast on the motorway sensible'),
(16, 'World War One started one hundred years ago Four'),
(17, 'The hardest subject at school is definitely Physics some'),
(18, 'My favourite colour has always been lime green show'),
(19, 'A lot of my friends really love football when'),
(20, 'The young girl laughed noisily on her birthday was'),
(21, 'My niece narrowly avoided being runover last Tuesday really'),
(22, 'My favourite teacher used to teach me geography useful'),
(23, 'Last Thursday I bought three new memory sticks begin'),
(24, 'The ancient greeks made many important scientific discoveries few'),
(25, 'Coal oil and gas are called fossil fuels differ'),
(26, 'In an electrical storm lightning always precedes thunder why'),
(27, 'My mother has always enjoyed doing oil paintings other'),
(28, 'Our neighbour recently went to Canada on holiday her'),
(29, 'Too much oxygen makes you feel light headed then'),
(30, 'Most aeroplanes use kerosene as their main fuel wings'),
(31, 'Petrol and diesel are common types of fuel will'),
(32, 'Bungalows are houses that have only one storey story'),
(33, 'Carnations are definitely my favourite type of flower last'),
(34, 'Newcastle is situated in the north of England was'),
(35, 'The dancer performed brilliantly on stage last night until'),
(36, 'I have always wanted to play the guitar should'),
(37, 'There are said to be seven deadly sins maybe'),
(38, 'Coniferous trees retain their leaves throughout the year same'),
(39, 'Jane asked me to visit her tomorrow night did'),
(40, 'Luckily I have never been in an accident to'),
(41, 'The Queen is now almost ninety years old former'),
(42, 'Limestone is an example of a sedimentary rock were'),
(43, 'There is no excuse for having bad manners certainly'),
(44, 'I desperately need to get my eyesight checked sunshine'),
(45, 'Tom used to talk a lot of sense scarce'),
(46, 'Some famous celebrities are very poor role models roll'),
(47, 'Dinosaurs ruled the Earth long before man did build'),
(48, 'My friend is always talking about his car nearly'),
(49, 'Calculators and computers are extremely helpful little devices hopeful'),
(50, 'the helicopter hovered overhead whilst tracking the criminal send'),
(51, 'I go to church each and every Sunday she'),
(52, 'Sometimes you can`t make it on your own mine'),
(53, 'Could there possibly be life on other planets would'),
(54, 'There are twelve months in the calendar year when'),
(55, 'Iron Steel Nickel and Cobalt are magnetic materials surely'),
(56, 'It always seems to rain on my holidays too'),
(57, 'Sometimes my pet cat sleeps on my bed tree'),
(58, 'Bacon and eggs are best eaten for breakfast whenever'),
(59, 'Marble is an example of a metamorphic rock ring'),
(60, 'The population of England is about fifty million west'),
(61, 'My sister screamed when she noticed the spider went'),
(62, 'This morning a robin came into my garden who'),
(63, 'When I was younger my hair was blonde took'),
(64, 'Leopards and tigers are examples of big cats medicine'),
(65, 'The cat timidly approched the dog last night when'),
(66, 'My neighbour`s dog growled fiercely at me yesterday slowly'),
(67, 'Venus is the brightest planet in the sky can'),
(68, 'The Universe is about seventeen billion years old young'),
(69, 'The youth skillfully avoided falling off the cliff intended'),
(70, 'There are seven days in an English week could'),
(71, 'Some people I know stupidly believe in ghosts nearly'),
(72, 'Platinum is the most expensive metal on earth used'),
(73, 'When I see a sad fim I cry what'),
(74, 'A kangaroo is an example of a marsupial insect'),
(75, 'Janary is my favourite month of the year season'),
(76, 'Nitrogen is the most abundant gas on Earth lead'),
(77, 'The Earth is approximately five billion years old minutes'),
(78, 'I never understood French when I was younger coin'),
(79, 'Ghosts are a clear case of absolute fiction absolved'),
(80, 'Most goldfish have a very short attention span clear'),
(81, 'Diamond and graphite are both forms of Carbon ring'),
(82, 'When I sing most people tend to laugh can'),
(83, 'The wind howled loudly for hours last night spring'),
(84, 'I feel sure that heaven does indeed exist same'),
(85, 'Cats are notoriously said to have seven lives certain'),
(86, 'Professor Plum is a well known village idiot snooker'),
(87, 'Adam will always be gay as a Lord skyscraper'),
(88, 'Kushi has got at least fifteen lovely boyfriends puppies');

-- --------------------------------------------------------

--
-- Table structure for table `erudio_shuffledresults`
--

CREATE TABLE IF NOT EXISTS `erudio_shuffledresults` (
  `id` int(11) NOT NULL AUTO_INCREMENT,
  `questionid` int(11) NOT NULL,
  `answer` varchar(50) NOT NULL,
  `start` datetime NOT NULL,
  `taken` int(11) NOT NULL,
  `userid` int(11) NOT NULL,
  PRIMARY KEY (`id`)
) ENGINE=MyISAM  DEFAULT CHARSET=latin1 AUTO_INCREMENT=23 ;

-- --------------------------------------------------------

--
-- Table structure for table `erudio_wordgroups`
--

CREATE TABLE IF NOT EXISTS `erudio_wordgroups` (
  `id` int(11) NOT NULL AUTO_INCREMENT,
  `name` varchar(50) NOT NULL,
  `synonymgroup` int(11) NOT NULL,
  `antonymgroup` int(11) NOT NULL,
  PRIMARY KEY (`id`)
) ENGINE=InnoDB  DEFAULT CHARSET=latin1 AUTO_INCREMENT=193 ;

--
-- Dumping data for table `erudio_wordgroups`
--

INSERT INTO `erudio_wordgroups` (`id`, `name`, `synonymgroup`, `antonymgroup`) VALUES
(1, '2D Shapes', 0, 0),
(2, '3D Shapes', 0, 0),
(3, 'Abrupt', 0, 82),
(4, 'Abundant', 0, 145),
(5, 'Acids', 0, 0),
(6, 'Advance', 0, 137),
(7, 'Adversary', 0, 9),
(8, 'Agile', 8, 35),
(9, 'Ally', 9, 7),
(10, 'Amicable', 0, 88),
(11, 'Amphibians', 0, 0),
(12, 'Animal collectives', 0, 0),
(13, 'Animal homes', 0, 0),
(14, 'Animals', 0, 0),
(15, 'Animals with horns', 0, 0),
(16, 'Archaic', 0, 42),
(17, 'Armed forces', 0, 0),
(18, 'Army ranks', 0, 0),
(19, 'Assertive', 0, 163),
(20, 'Benefit', 20, 27),
(21, 'Birds of prey', 0, 0),
(22, 'Boats', 0, 0),
(23, 'Body organs', 0, 0),
(24, 'Bones', 0, 0),
(25, 'Books of the Bible', 0, 0),
(26, 'Branches of Mathematics', 0, 0),
(27, 'Burden', 0, 20),
(28, 'Butterflies', 0, 0),
(29, 'Capital cities', 0, 0),
(30, 'Card games', 0, 0),
(31, 'chaotic', 0, 172),
(32, 'Chess pieces', 0, 0),
(33, 'Clouds', 0, 0),
(34, 'Cluedo characters', 0, 0),
(35, 'Clumsy', 0, 8),
(36, 'Colours', 0, 0),
(37, 'Combine', 37, 150),
(38, 'commence', 0, 169),
(39, 'Common', 0, 132),
(40, 'Compass directions', 0, 0),
(41, 'conceited', 0, 108),
(42, 'Contemporary', 0, 16),
(43, 'Continents', 0, 0),
(44, 'Contract', 0, 63),
(45, 'Counties', 0, 0),
(46, 'Countries', 0, 0),
(47, 'Cows', 0, 0),
(48, 'Cricketing terms', 0, 0),
(49, 'Criminal offences', 0, 0),
(50, 'Crucial', 0, 174),
(51, 'Currencies', 0, 0),
(52, 'Dairy products', 0, 0),
(53, 'Dances', 0, 0),
(54, 'Days of the week', 0, 0),
(55, 'Defeat', 0, 185),
(56, 'Despondent', 0, 60),
(57, 'Dinosaurs', 0, 0),
(58, 'Diseases', 0, 0),
(59, 'Ducks', 0, 0),
(60, 'Elated', 0, 56),
(61, 'Elementary particles', 0, 0),
(62, 'English Cities', 0, 0),
(63, 'Expand', 63, 44),
(64, 'Fact', 64, 70),
(65, 'Famous authors', 0, 0),
(66, 'Famous biblical characters', 0, 0),
(67, 'Famous lakes', 0, 0),
(68, 'Female animals', 0, 0),
(69, 'Female relatives', 0, 0),
(70, 'Fiction', 0, 64),
(71, 'Figures of speech', 0, 0),
(72, 'Finches', 0, 0),
(73, 'Fish', 0, 0),
(74, 'Flowers', 0, 0),
(75, 'folly', 0, 189),
(76, 'Food types', 0, 0),
(77, 'Fossil fuels', 0, 0),
(78, 'Frail', 0, 139),
(79, 'Fruits', 0, 0),
(80, 'Gases at STP', 0, 0),
(81, 'Gemstones', 0, 0),
(82, 'Gradual', 0, 3),
(83, 'Greek gods', 0, 0),
(84, 'Greek letters', 0, 0),
(85, 'guilty', 0, 92),
(86, 'Happy', 86, 143),
(87, 'Herbs', 0, 0),
(88, 'Hostile', 0, 10),
(89, 'Household rooms', 0, 0),
(90, 'Igneous rocks', 0, 0),
(91, 'Indian menu terms', 0, 0),
(92, 'innocent', 92, 85),
(93, 'Insects', 0, 0),
(94, 'Jovial', 0, 111),
(95, 'Life processes', 0, 0),
(96, 'locate', 0, 107),
(97, 'Magnetic materials', 0, 0),
(98, 'Male animals', 0, 0),
(99, 'Male relatives', 0, 0),
(100, 'Marsupials', 0, 0),
(101, 'Martial arts', 0, 0),
(102, 'Medical equipment', 0, 0),
(103, 'Medicines', 0, 0),
(104, 'Metal alloys', 0, 0),
(105, 'Metals', 0, 0),
(106, 'Metamorphic rock', 0, 0),
(107, 'mislay', 0, 96),
(108, 'modest', 0, 41),
(109, 'Monopoly spaces', 0, 0),
(110, 'Months of year', 0, 0),
(111, 'Morose', 0, 94),
(112, 'Mountain ranges', 0, 0),
(113, 'Mushrooms', 0, 0),
(114, 'Musical Inst', 0, 0),
(115, 'Naive', 0, 154),
(116, 'Oceans', 0, 0),
(117, 'Olympic field events', 0, 0),
(118, 'Olympic running events', 0, 0),
(119, 'Optimistic', 0, 122),
(120, 'Parched', 0, 144),
(121, 'Permit', 0, 131),
(122, 'Pessimistic', 0, 119),
(123, 'Phobias', 0, 0),
(124, 'Physical changes of matter', 0, 0),
(125, 'Picture cards in a pack', 0, 0),
(126, 'Pigs', 0, 0),
(127, 'Planets', 0, 0),
(128, 'Polite', 0, 141),
(129, 'Precipitation', 0, 0),
(130, 'priceless', 0, 190),
(131, 'Prohibit', 0, 121),
(132, 'Rare', 0, 39),
(133, 'Religions', 0, 0),
(134, 'Religious figures', 0, 0),
(135, 'Renewables', 0, 0),
(136, 'Reptiles', 0, 0),
(137, 'Retreat', 0, 6),
(138, 'Rivers', 0, 0),
(139, 'Robust', 0, 78),
(140, 'Rodents', 0, 0),
(141, 'Rude', 0, 128),
(142, 'Rural', 0, 182),
(143, 'Sad', 0, 86),
(144, 'Saturated', 144, 120),
(145, 'Scarce', 145, 4),
(146, 'Scientific instruments', 0, 0),
(147, 'Scientists', 0, 0),
(148, 'Seasons', 0, 0),
(149, 'Sedimentary rocks', 0, 0),
(150, 'Separate', 150, 37),
(151, 'Separation techniques', 0, 0),
(152, 'Seven deadly sins', 0, 0),
(153, 'Seven dwarfs', 0, 0),
(154, 'Shrewd', 0, 115),
(155, 'Singing voices', 0, 0),
(156, 'Single digit Numbers', 0, 0),
(157, 'Snakes', 0, 0),
(158, 'Soups', 0, 0),
(159, 'Special numbers', 0, 0),
(160, 'Sports', 0, 0),
(161, 'States of water', 0, 0),
(162, 'Subjects', 0, 0),
(163, 'Submissive', 0, 19),
(164, 'Suits of playing cards', 0, 0),
(165, 'Swimming strokes', 0, 0),
(166, 'Teeth types', 0, 0),
(167, 'Temperature scales', 0, 0),
(168, 'Tennis terms', 0, 0),
(169, 'terminate', 0, 38),
(170, 'Tits', 0, 0),
(171, 'Tools', 0, 0),
(172, 'tranquil', 0, 31),
(173, 'Trees', 0, 0),
(174, 'Trivial', 174, 50),
(175, 'Types of cereal grain', 0, 0),
(176, 'Types of cheese', 0, 0),
(177, 'Types of curry', 0, 0),
(178, 'Types of dog', 0, 0),
(179, 'Types of guitar', 0, 0),
(180, 'Types of nut', 0, 0),
(181, 'Underground stations', 0, 0),
(182, 'Urban', 182, 142),
(183, 'US states', 0, 0),
(184, 'Vegetables', 0, 0),
(185, 'Victory', 185, 55),
(186, 'Volcanoes', 0, 0),
(187, 'Ways of cooking eggs', 0, 0),
(188, 'Wedding anniv', 0, 0),
(189, 'wisdom', 189, 75),
(190, 'worthless', 190, 130),
(191, 'Young animals', 0, 0),
(192, 'Zodiac signs', 0, 0);

-- --------------------------------------------------------

--
-- Table structure for table `erudio_words`
--

CREATE TABLE IF NOT EXISTS `erudio_words` (
  `id` int(11) NOT NULL AUTO_INCREMENT,
  `word` varchar(50) NOT NULL,
  `groupid` int(11) NOT NULL,
  PRIMARY KEY (`id`)
) ENGINE=InnoDB  DEFAULT CHARSET=latin1 AUTO_INCREMENT=1468 ;

--
-- Dumping data for table `erudio_words`
--

INSERT INTO `erudio_words` (`id`, `word`, `groupid`) VALUES
(1, 'snow', 129),
(2, 'april', 110),
(3, 'ruth', 25),
(4, 'rhombus', 1),
(5, 'reindeer', 14),
(6, 'gas', 77),
(7, '400 metres', 118),
(8, 'bucolic', 142),
(9, 'rustic', 142),
(10, 'twelve string', 179),
(11, 'confident', 119),
(12, 'invaluable', 130),
(13, 'atlantic', 116),
(14, 'downhearted', 56),
(15, 'lioness', 68),
(16, 'triangle', 1),
(17, 'swift', 3),
(18, 'seven', 156),
(19, 'butterflies', 93),
(20, 'zebra', 14),
(21, 'merry', 94),
(22, 'ace', 168),
(23, 'bitch', 68),
(24, 'obsidian', 90),
(25, 'aris', 83),
(26, 'mundane', 39),
(27, 'approach', 6),
(28, 'platignum', 188),
(29, 'monitor', 136),
(30, 'eve', 66),
(31, 'jolly', 94),
(32, 'cayuga', 59),
(33, 'music', 162),
(34, 'rosemary', 87),
(35, 'waterlogged', 144),
(36, 'vicar', 134),
(37, 'breaststroke', 165),
(38, 'badger', 14),
(39, 'drawback', 27),
(40, 'limestone', 149),
(41, 'king', 32),
(42, 'bashful', 153),
(43, 'out', 168),
(44, 'greyhound', 178),
(45, 'trigonometry', 26),
(46, 'sodden', 144),
(47, 'pakistan', 46),
(48, 'steady', 82),
(49, 'cylinder', 2),
(50, 'sanguine', 119),
(51, 'profit', 20),
(52, 'hectic', 31),
(53, 'ammeter', 146),
(54, 'antagonist', 7),
(55, 'asia', 43),
(56, 'art', 162),
(57, 'fork', 171),
(58, 'divide', 150),
(59, 'panda', 14),
(60, 'unsuspicious', 115),
(61, 'pine', 173),
(62, 'kelvin', 167),
(63, 'cheetah', 14),
(64, 'diamonds', 164),
(65, 'nitric', 5),
(66, 'mulligatawny', 158),
(67, 'clever', 154),
(68, 'meagre', 145),
(69, 'rectangle', 1),
(70, 'colorado', 183),
(71, 'banal', 39),
(72, 'wheat', 175),
(73, 'disordered', 31),
(74, 'canada', 46),
(75, 'gamma', 84),
(76, 'heptagon', 1),
(77, 'avocado', 79),
(78, 'built-up', 182),
(79, 'defibrillator', 102),
(80, 'water', 161),
(81, 'general', 18),
(82, 'haddock', 73),
(83, 'poplar', 173),
(84, 'sense', 189),
(85, 'chlorine', 80),
(86, 'florida', 183),
(87, 'acetic', 5),
(88, 'december', 110),
(89, 'waterloo', 181),
(90, 'acrobatic', 8),
(91, 'park lane', 109),
(92, 'basketball', 160),
(93, 'crabby', 111),
(94, 'amiable', 10),
(95, 'rib', 24),
(96, 'navy', 17),
(97, 'vienna', 29),
(98, 'fried', 187),
(99, 'genesis', 25),
(100, 'decisive', 19),
(101, 'egypt', 46),
(102, 'isolate', 150),
(103, 'paprika', 87),
(104, 'flies', 93),
(105, 'strong', 139),
(106, 'mrs peacock', 34),
(107, 'opponent', 7),
(108, 'lead', 105),
(109, 'sublimation', 124),
(110, 'setter', 178),
(111, 'lithe', 8),
(112, 'vesuvius', 186),
(113, 'indiana', 183),
(114, 'georgia', 183),
(115, 'october', 110),
(116, 'buzzard', 21),
(117, 'progressive', 82),
(118, 'army', 17),
(119, 'rook', 32),
(120, 'deuteronomy', 25),
(121, 'awkward', 35),
(122, 'brass', 104),
(123, 'hawking', 147),
(124, 'bass', 155),
(125, 'hopeful', 119),
(126, 'gloomy', 122),
(127, 'love', 168),
(128, 'rugby', 160),
(129, 'kadchgall', 176),
(130, 'sanction', 121),
(131, 'goat', 15),
(132, 'antagonistic', 88),
(133, 'tadpole', 191),
(134, 'regular', 39),
(135, 'steamed', 187),
(136, 'archimedes', 147),
(137, 'bold', 19),
(138, 'goldfinch', 72),
(139, 'debar', 131),
(140, 'sternum', 24),
(141, 'algebra', 26),
(142, 'paracetemol', 103),
(143, 'antiquated', 16),
(144, 'backstroke', 165),
(145, 'father', 99),
(146, 'cumulus', 33),
(147, 'potassium', 105),
(148, 'metropolitan', 182),
(149, 'trusting', 115),
(150, 'dour', 111),
(151, 'daughter', 69),
(152, 'guernsey', 47),
(153, 'dog', 14),
(154, 'one', 156),
(155, 'endoscope', 102),
(156, 'crickets', 93),
(157, 'flu', 58),
(158, 'conclude', 169),
(159, 'newt', 11),
(160, 'emetophobia', 123),
(161, 'oval', 1),
(162, 'salsa', 53),
(163, 'precious', 130),
(164, 'pomegranate', 79),
(165, 'habitual', 39),
(166, 'jenny', 68),
(167, 'tasmanian devil', 100),
(168, 'phosphoric', 5),
(169, 'hydroelectric', 135),
(170, 'faraday', 147),
(171, 'infirm', 78),
(172, 'oats', 175),
(173, 'almond', 180),
(174, 'lizard', 136),
(175, 'amsterdam', 29),
(176, 'neutron', 61),
(177, 'uninvolved', 92),
(178, 'sunderland', 62),
(179, 'proton', 61),
(180, 'rape', 49),
(181, 'centipede', 93),
(182, 'monday', 54),
(183, 'derby', 62),
(184, 'hearts', 164),
(185, 'gemini', 192),
(186, 'cheshire', 45),
(187, 'nightwatchman', 48),
(188, 'bronze', 104),
(189, 'stop', 169),
(190, 'drums', 114),
(191, 'lieutenant', 18),
(192, 'onomatopoeia', 71),
(193, 'geography', 162),
(194, 'ocelot', 14),
(195, 'parsley', 87),
(196, 'malaria', 58),
(197, 'canon', 134),
(198, 'colonel mustard', 34),
(199, 'nutrition', 95),
(200, 'trouncing', 55),
(201, 'pugnacious', 88),
(202, 'silver', 105),
(203, 'patella', 24),
(204, 'fashionable', 42),
(205, 'red admiral', 28),
(206, 'north dakota', 183),
(207, 'ingenuous', 115),
(208, 'upset', 56),
(209, 'barley', 175),
(210, 'antique', 16),
(211, 'disconnect', 150),
(212, 'dance', 162),
(213, 'po', 138),
(214, 'kofta', 91),
(215, 'vegetable', 158),
(216, 'moses', 66),
(217, 'lust', 152),
(218, 'carbon dioxide', 80),
(219, 'rare', 145),
(220, 'five', 156),
(221, 'circle', 181),
(222, 'monkey', 14),
(223, 'sett', 13),
(224, 'impertinent', 141),
(225, 'mississippi', 138),
(226, 'charolais', 47),
(227, 'eccleseastics', 25),
(228, 'nitrogen', 80),
(229, 'alligator', 14),
(230, 'lacewing', 93),
(231, 'arachnaphobia', 123),
(232, 'chaffinch', 72),
(233, 'normal', 39),
(234, 'may', 110),
(235, 'judges', 25),
(236, 'sulphur dioxide', 80),
(237, 'brazil', 46),
(238, 'euphoric', 60),
(239, 'november', 110),
(240, 'abort', 169),
(241, 'yoghurt', 52),
(242, 'australasia', 43),
(243, 'blyton', 65),
(244, 'jersey', 47),
(245, 'cattle', 15),
(246, 'bathroom', 89),
(247, 'oxtail', 158),
(248, 'roughage', 76),
(249, 'moscow', 29),
(250, 'yacht', 22),
(251, 'thursday', 54),
(252, 'falsehood', 70),
(253, 'january', 110),
(254, 'unworldly', 115),
(255, 'granite', 90),
(256, 'classical', 179),
(257, 'aylesbury', 59),
(258, 'abu dhabi', 29),
(259, 'attic', 89),
(260, 'physics', 162),
(261, 'wildebeest', 15),
(262, 'krypton', 80),
(263, 'deuce', 168),
(264, 'biomass', 135),
(265, 'kidnapping', 49),
(266, 'petty', 174),
(267, 'belligerant', 88),
(268, 'labrador', 178),
(269, 'asp', 157),
(270, 'dahlia', 74),
(271, 'lacking', 145),
(272, 'grey', 36),
(273, 'shintoism', 133),
(274, 'skiff', 22),
(275, 'measles', 58),
(276, 'field', 113),
(277, 'oil', 77),
(278, 'joshua', 25),
(279, 'libra', 192),
(280, 'south', 40),
(281, 'challenger', 7),
(282, 'kid', 191),
(283, 'manchester', 62),
(284, 'library', 12),
(285, 'copious', 4),
(286, 'double gloucester', 176),
(287, 'honest', 92),
(288, 'kennel', 13),
(289, 'sweede', 184),
(290, 'guitar', 114),
(291, 'civil', 128),
(292, 'aerophobia', 123),
(293, 'test tube', 146),
(294, 'indiscretion', 75),
(295, 'marjoram', 87),
(296, 'bridge', 30),
(297, 'brachiosaurus', 57),
(298, 'aberdeen angus', 47),
(299, 'steel', 104),
(300, 'ulna', 24),
(301, 'sulky', 111),
(302, 'elm', 173),
(303, 'south carolina', 183),
(304, 'kestrel', 21),
(305, 'nephew', 99),
(306, 'find', 96),
(307, 'moths', 93),
(308, 'athens', 29),
(309, 'shrivel', 44),
(310, 'koala', 100),
(311, 'pewter', 104),
(312, 'neptune', 127),
(313, 'moody', 111),
(314, 'north carolina', 183),
(315, 'lavish', 4),
(316, 'expensive', 130),
(317, 'retire', 137),
(318, 'municipal', 182),
(319, 'prof plum', 34),
(320, 'gnu', 15),
(321, 'egotistical', 41),
(322, 'shrink', 44),
(323, 'swarm', 12),
(324, 'piccolo', 114),
(325, 'himalayas', 112),
(326, 'finish', 169),
(327, 'end', 169),
(328, 'cock', 98),
(329, 'reverend green', 34),
(330, 'soaked', 144),
(331, 'yellow', 36),
(332, 'turkey', 46),
(333, 'square', 1),
(334, 'prolific', 4),
(335, 'opossum', 100),
(336, 'judas', 66),
(337, 'data handling', 26),
(338, 'dispirited', 56),
(339, 'monkfish', 73),
(340, 'mint', 87),
(341, 'inept', 35),
(342, 'hindrance', 27),
(343, 'sweeden', 46),
(344, 'partner', 9),
(345, 'reprehensible', 85),
(346, 'inconsequential', 174),
(347, 'cobalt', 97),
(348, 'rand', 51),
(349, 'euro', 51),
(350, 'kipling', 65),
(351, 'douglas fir', 173),
(352, 'rain', 129),
(353, 'incalculable', 130),
(354, 'pyrenees', 112),
(355, 'old', 16),
(356, 'minnesota', 183),
(357, 'slate', 106),
(358, 'kings 2', 25),
(359, 'assured', 19),
(360, 'waltz', 53),
(361, 'kabul', 29),
(362, 'football', 160),
(363, 'bullfinch', 72),
(364, 'beagle', 178),
(365, 'onion', 184),
(366, 'sagitarius', 192),
(367, 'nimble', 8),
(368, 'birmingham', 62),
(369, 'clementine', 79),
(370, 'detect', 96),
(371, 'blameworthy', 85),
(372, 'maryland', 183),
(373, 'positive', 119),
(374, 'summer', 148),
(375, 'adam', 66),
(376, 'stethoscope', 102),
(377, 'unforseen', 3),
(378, 'certainty', 64),
(379, 'melville', 65),
(380, 'bountiful', 4),
(381, 'liberal', 4),
(382, 'fantasy', 70),
(383, 'colonel', 18),
(384, 'bull', 98),
(385, 'nehemiah', 25),
(386, 'dinghy', 22),
(387, 'doe', 68),
(388, 'snooker', 160),
(389, 'disorganised', 31),
(390, 'white', 36),
(391, 'brother', 99),
(392, 'queen', 32),
(393, 'india', 46),
(394, 'sitar', 114),
(395, 'glass', 188),
(396, 'oslo', 29),
(397, 'premolar', 166),
(398, 'delaware', 183),
(399, 'ten', 156),
(400, 'madras', 177),
(401, 'bradford', 62),
(402, 'prudence', 189),
(403, 'heart', 23),
(404, 'celsius', 167),
(405, 'supporter', 9),
(406, 'ash', 173),
(407, 'viper', 157),
(408, 'basque', 126),
(409, 'friendly', 10),
(410, 'skin', 23),
(411, 'tokyo', 29),
(412, 'ancient', 16),
(413, 'sweet william', 74),
(414, 'sage', 87),
(415, 'discerning', 154),
(416, 'organ', 114),
(417, 'jerusalem', 29),
(418, 'develop', 63),
(419, 'brontosaurus', 57),
(420, 'uncoordinated', 35),
(421, 'contralto', 155),
(422, 'wakefield', 62),
(423, 'inadequate', 145),
(424, 'shropshire', 45),
(425, 'rye', 175),
(426, 'horse chestnut', 173),
(427, 'carnation', 74),
(428, 'tidal', 135),
(429, 'joseph', 66),
(430, 'christianity', 133),
(431, 'morocco', 46),
(432, 'hugo', 65),
(433, 'downbeat', 122),
(434, 'octagon', 1),
(435, 'radish', 184),
(436, 'solar', 135),
(437, 'diplodocus', 57),
(438, 'swimming', 160),
(439, 'religious studies', 162),
(440, 'alaska', 183),
(441, 'antelope', 14),
(442, 'rat', 14),
(443, 'data logger', 146),
(444, 'chromatography', 151),
(445, 'tibula', 24),
(446, 'pacific', 116),
(447, 'pedalo', 22),
(448, 'chick', 191),
(449, 'bishop', 134),
(450, 'coracle', 22),
(451, 'essex', 45),
(452, 'minestrone', 158),
(453, 'concoction', 70),
(454, 'argentina', 46),
(455, 'mary', 66),
(456, 'rhinoceros', 14),
(457, 'quick', 3),
(458, 'detriment', 27),
(459, 'intelligent', 154),
(460, 'iceland', 46),
(461, 'grape', 79),
(462, 'snap', 30),
(463, 'chedder', 176),
(464, 'wicket', 48),
(465, 'bunsen burner', 146),
(466, 'gorilla', 14),
(467, 'yorkshire terrior', 178),
(468, 'femur', 24),
(469, 'undo', 150),
(470, 'gorgonzola', 176),
(471, 'defeatist', 122),
(472, 'nan', 91),
(473, 'leeds', 62),
(474, 'uganda', 46),
(475, 'verne', 65),
(476, 'morphine', 103),
(477, 'buddhism', 133),
(478, 'south west', 40),
(479, 'wellington', 29),
(480, 'hemisphere', 2),
(481, 'jackass', 98),
(482, 'rout', 185),
(483, 'darwin', 147),
(484, 'tennessee', 183),
(485, 'buckinghamshire', 45),
(486, 'microscope', 146),
(487, 'boastful', 41),
(488, 'chimpanzee', 14),
(489, 'grandfather', 99),
(490, 'pawn', 32),
(491, 'alliteration', 71),
(492, 'agreeable', 10),
(493, 'broaden', 63),
(494, 'sphere', 2),
(495, 'instigate', 38),
(496, 'beetroot', 184),
(497, 'penicillin', 103),
(498, 'tin', 105),
(499, 'north america', 43),
(500, 'teide', 186),
(501, 'french beans', 184),
(502, 'lisbon', 29),
(503, 'connect', 37),
(504, 'sister', 69),
(505, 'acer', 173),
(506, 'long-tailed', 170),
(507, 'soprano', 155),
(508, 'taoism', 133),
(509, 'virginia', 183),
(510, 'carlisle', 62),
(511, 'sheers', 171),
(512, 'west', 40),
(513, 'black', 36),
(514, 'diptheria', 58),
(515, 'screwdriver', 171),
(516, 'coriander', 87),
(517, 'feeble', 78),
(518, 'cherry', 79),
(519, 'hereford', 47),
(520, 'sea bream', 73),
(521, 'texas', 183),
(522, 'chronicles 1', 25),
(523, 'sri lanka', 46),
(524, 'yen', 51),
(525, 'pope', 134),
(526, 'mother', 69),
(527, 'spanish', 162),
(528, 'hawthorn', 173),
(529, 'canine', 166),
(530, 'derbyshire', 45),
(531, 'psalms', 25),
(532, 'rattlesnake', 157),
(533, 'oak', 173),
(534, 'alpha', 84),
(535, 'excretion', 95),
(536, 'greenfinch', 72),
(537, 'revelation', 25),
(538, 'central', 181),
(539, 'transformations', 26),
(540, 'forbid', 131),
(541, 'buffalo', 15),
(542, 'demure', 108),
(543, 'hawaii', 183),
(544, 'squirrel', 140),
(545, 'burglary', 49),
(546, 'rhino', 15),
(547, 'colleague', 9),
(548, 'long jump', 117),
(549, 'cock - a - leekie', 158),
(550, 'swallowtail', 28),
(551, 'ample', 4),
(552, 'mannerly', 128),
(553, 'vulture', 21),
(554, 'leviticus', 25),
(555, 'red leicester', 176),
(556, 'hexagon', 1),
(557, 'uncle', 99),
(558, 'ants', 93),
(559, 'dopey', 153),
(560, 'join', 37),
(561, 'triumph', 185),
(562, 'son', 99),
(563, 'teeming', 4),
(564, 'invention', 70),
(565, 'filtration', 151),
(566, 'severn', 138),
(567, 'holly', 173),
(568, 'stable', 13),
(569, 'astute', 154),
(570, 'new york', 29),
(571, 'placid', 172),
(572, 'parallelogram', 1),
(573, 'berlin', 29),
(574, 'north east', 40),
(575, 'milk', 166),
(576, 'mushroom', 158),
(577, 'dorset', 45),
(578, 'melting', 124),
(579, 'stump', 48),
(580, 'leicester', 62),
(581, 'self-confident', 19),
(582, 'cheeky', 141),
(583, 'conservatory', 89),
(584, 'german', 162),
(585, 'venus', 127),
(586, 'mumps', 58),
(587, 'old kent road', 109),
(588, 'knight', 32),
(589, 'codeine', 103),
(590, 'boundary', 48),
(591, 'ankylosaurus', 57),
(592, 'calcium', 105),
(593, 'sulphuric', 5),
(594, 'six', 156),
(595, 'greedy', 126),
(596, 'africa', 46),
(597, 'northwest', 40),
(598, 'joey', 191),
(599, 'germany', 46),
(600, 'cirrus', 33),
(601, 'ayrshire', 47),
(602, 'eider', 59),
(603, 'potometer', 146),
(604, 'sparse', 145),
(605, 'kitchen', 89),
(606, 'cheerful', 119),
(607, 'goliath', 66),
(608, 'norfolk', 45),
(609, 'disheartened', 56),
(610, 'potato', 184),
(611, 'buoyant', 119),
(612, 'rubella', 58),
(613, 'eight', 156),
(614, 'perceptive', 154),
(615, 'familiar', 39),
(616, 'cornwall', 45),
(617, 'cabbage', 184),
(618, 'scorched', 120),
(619, 'quiver', 12),
(620, 'proceed', 6),
(621, 'hurried', 3),
(622, 'aluminium', 105),
(623, 'everyday', 39),
(624, 'advantage', 168),
(625, 'durable', 139),
(626, 'moderate', 82),
(627, 'grasshoppers', 93),
(628, 'cub', 191),
(629, 'greece', 46),
(630, 'hasty', 3),
(631, 'hawfinch', 72),
(632, 'disallow', 131),
(633, 'sardine', 73),
(634, 'barn', 13),
(635, 'rival', 7),
(636, 'mango', 79),
(637, 'fennel', 87),
(638, 'bugle', 114),
(639, 'lettuce', 184),
(640, 'astuteness', 189),
(641, 'nine', 156),
(642, 'tortoise', 136),
(643, 'old spot', 126),
(644, 'cube', 2),
(645, 'cranberry', 79),
(646, 'bristol', 62),
(647, 'steam', 80),
(648, 'leave', 137),
(649, 'distillation', 151),
(650, 'disconsolate', 56),
(651, 'compliant', 163),
(652, 'mendeleev', 147),
(653, 'sever', 150),
(654, 'evaporation', 151),
(655, 'ungainly', 35),
(656, 'hazelnut', 180),
(657, 'unpretentious', 108),
(658, 'outlaw', 131),
(659, 'linnet', 72),
(660, 'begin', 38),
(661, 'frenzied', 31),
(662, 'dublin', 29),
(663, 'spades', 164),
(664, 'discontinue', 169),
(665, 'condense', 44),
(666, 'bison', 14),
(667, 'japan', 46),
(668, 'segregate', 150),
(669, 'oboe', 114),
(670, 'win', 185),
(671, 'friday', 54),
(672, 'typhoid', 58),
(673, 'simile', 71),
(674, '200 metres', 118),
(675, 'virgo', 192),
(676, 'herod', 66),
(677, 'aquarius', 192),
(678, 'giraffe', 14),
(679, 'authorise', 121),
(680, 'aids', 58),
(681, 'franc', 51),
(682, 'warren', 13),
(683, 'unhurried', 82),
(684, 'darts', 160),
(685, 'meek', 163),
(686, 'glum', 56),
(687, 'south america', 43),
(688, 'durham', 62),
(689, 'latin', 162),
(690, 'earth', 127),
(691, 'progress', 6),
(692, 'sheffield', 62),
(693, 'two', 156),
(694, 'banana', 79),
(695, 'zeus', 83),
(696, 'seine', 138),
(697, 'watermelon', 79),
(698, 'file', 171),
(699, 'guiltless', 92),
(700, 'physical education', 162),
(701, 'delicate', 78),
(702, 'serious', 50),
(703, 'campbell', 59),
(704, 'sheep', 15),
(705, 'corn', 175),
(706, 'jesus', 66),
(707, 'kentucky', 183),
(708, 'poppadom', 91),
(709, 'overjoyed', 60),
(710, 'esther', 25),
(711, 'start', 38),
(712, 'insolent', 141),
(713, 'frustum', 2),
(714, '1500 metres', 118),
(715, 'helium', 80),
(716, 'newmarket', 30),
(717, 'colombo', 29),
(718, 'lithium', 105),
(719, 'lamb', 191),
(720, 'amazon', 138),
(721, 'companion', 9),
(722, 'beating', 55),
(723, 'melancholy', 143),
(724, 'movement', 95),
(725, 'pinpoint', 96),
(726, 'quiet', 172),
(727, 'four', 156),
(728, 'typical', 39),
(729, 'tenor', 155),
(730, 'canoe', 22),
(731, 'turtle', 136),
(732, 'rabbit', 14),
(733, 'frivolous', 174),
(734, 'cobra', 157),
(735, 'sturdy', 139),
(736, 'radon', 80),
(737, 'delta', 84),
(738, 'bar', 131),
(739, 'pentagon', 1),
(740, 'chive', 87),
(741, 'kent', 45),
(742, 'high jump', 117),
(743, 'chromium', 105),
(744, 'altocumulus', 33),
(745, 'googly', 48),
(746, 'hook', 48),
(747, 'newest', 42),
(748, 'sergeant', 18),
(749, 'mexico', 46),
(750, 'evolve', 6),
(751, 'verity', 64),
(752, 'satsuma', 79),
(753, 'carbohydrates', 76),
(754, 'judo', 101),
(755, 'ibuprofen', 103),
(756, 'jubilee', 181),
(757, 'taekwondo', 101),
(758, 'butter', 52),
(759, 'buck', 98),
(760, 'grumpy', 153),
(761, 'negligible', 174),
(762, 'triceratops', 57),
(763, 'hera', 83),
(764, 'basil', 87),
(765, 'upbeat', 119),
(766, 'vital', 50),
(767, 'devon', 45),
(768, 'routine', 39),
(769, 'broccoli', 184),
(770, 'confrontational', 88),
(771, 'diabetes', 58),
(772, 'chemistry', 162),
(773, 'considerate', 128),
(774, 'brigadier', 18),
(775, 'allow', 121),
(776, 'job', 25),
(777, 'grant', 121),
(778, 'skiing', 160),
(779, 'auntie', 69),
(780, 'ancona', 59),
(781, 'widen', 63),
(782, 'birch', 173),
(783, 'recent', 42),
(784, 'integrate', 37),
(785, 'convivial', 94),
(786, 'manslaughter', 49),
(787, 'acoustic', 179),
(788, 'merge', 37),
(789, 'lactic', 5),
(790, 'whist', 30),
(791, 'owl', 21),
(792, 'agricultural', 142),
(793, 'toad', 11),
(794, 'trout', 73),
(795, 'bantu', 126),
(796, 'button', 113),
(797, 'borage', 87),
(798, 'generous', 4),
(799, 'raf', 17),
(800, 'truth', 64),
(801, 'prudent', 154),
(802, 'radius', 24),
(803, 'austrailian spotted', 59),
(804, 'aggressive', 88),
(805, 'envy', 152),
(806, 'walnut', 180),
(807, 'calder', 138),
(808, 'daffodil', 74),
(809, 'anarchic', 31),
(810, 'gold', 105),
(811, 'pivotal', 50),
(812, 'reason', 189),
(813, 'rake', 171),
(814, 'bath', 62),
(815, 'battery', 49),
(816, 'cuboid', 2),
(817, 'islam', 133),
(818, 'butterfly', 165),
(819, 'den', 13),
(820, 'sneezy', 153),
(821, 'saw', 171),
(822, 'sprightly', 8),
(823, 'holland', 46),
(824, 'punt', 22),
(825, 'agoraphobia', 123),
(826, 'gneiss', 106),
(827, 'chisel', 171),
(828, 'molar', 166),
(829, 'piglet', 191),
(830, 'cockroaches', 93),
(831, 'purple', 36),
(832, 'dejected', 56),
(833, 'velociraptor', 57),
(834, 'dhaka', 29),
(835, 'corporal', 18),
(836, 'softball', 160),
(837, 'liable', 85),
(838, 'cordial', 10),
(839, 'despairing', 122),
(840, 'carrot', 184),
(841, 'pup', 191),
(842, 'asset', 20),
(843, 'profuse', 4),
(844, 'oscilloscope', 146),
(845, 'viola', 114),
(846, 'nile', 138),
(847, 'forceful', 19),
(848, 'pyramid', 2),
(849, 'long boat', 22),
(850, 'austen', 65),
(851, 'assonance', 71),
(852, 'chalk', 149),
(853, 'kepler', 147),
(854, 't-rex', 57),
(855, 'korea', 46),
(856, 'alabama', 183),
(857, 'cumbria', 45),
(858, 'zaire', 46),
(859, 'peregrine', 21),
(860, 'capricorn', 192),
(861, 'alsatian', 178),
(862, 'inexperienced', 115),
(863, 'liverpool', 62),
(864, 'sonefly', 93),
(865, 'blend', 37),
(866, 'reverential', 128),
(867, 'autumn', 148),
(868, 'winter', 148),
(869, 'limited', 145),
(870, 'deficient', 145),
(871, 'boiling', 124),
(872, 'auger', 171),
(873, 'canny', 154),
(874, 'pea and ham', 158),
(875, 'paris', 29),
(876, 'lemon', 79),
(877, 'titanium', 105),
(878, 'willow', 173),
(879, 'rugged', 139),
(880, 'sudden', 3),
(881, 'incisor', 166),
(882, 'cancer', 192),
(883, 'assault', 49),
(884, 'bedroom', 89),
(885, 'beta', 84),
(886, 'uranus', 127),
(887, 'somerset', 45),
(888, 'einstein', 147),
(889, 'windemere', 67),
(890, 'customary', 39),
(891, 'rose', 74),
(892, 'unearth', 96),
(893, 'biology', 162),
(894, 'balti', 177),
(895, 'frog', 11),
(896, 'larch', 173),
(897, 'downcast', 56),
(898, 'arid', 120),
(899, 'lair', 13),
(900, 'flock', 12),
(901, 'misplace', 107),
(902, 'raspberry', 79),
(903, 'split', 150),
(904, 'geometry', 26),
(905, 'slight', 174),
(906, 'strawberry', 79),
(907, 'gecko', 136),
(908, 'lie', 70),
(909, 'gluttony', 152),
(910, 'essential', 50),
(911, 'hail', 129),
(912, 'clubs', 164),
(913, 'pastoral', 142),
(914, 'south dakota', 183),
(915, 'uncommon', 145),
(916, 'fluorine', 80),
(917, 'tigress', 68),
(918, 'flee', 137),
(919, 'unite', 37),
(920, 'double bass', 114),
(921, 'impolite', 141),
(922, 'garda', 67),
(923, 'melon', 79),
(924, 'rome', 29),
(925, 'gooseberry', 79),
(926, 'vole', 140),
(927, 'constance', 67),
(928, 'harpsichord', 114),
(929, 'failure', 55),
(930, 'sloth', 14),
(931, 'stallion', 98),
(932, 'snake', 136),
(933, 'iguana', 136),
(934, 'sheepdog', 178),
(935, 'volleyball', 160),
(936, 'elderberry', 79),
(937, 'idiocy', 75),
(938, 'sorrel', 87),
(939, 'peanut', 180),
(940, 'spruce', 173),
(941, 'jupiter', 127),
(942, 'coal', 77),
(943, 'deft', 8),
(944, 'hydrogen', 80),
(945, 'nickel', 105),
(946, 'etna', 186),
(947, 'dill', 87),
(948, 'allosaurus', 57),
(949, 'quinine', 103),
(950, 'cannula', 102),
(951, 'spring', 148),
(952, 'soldier', 18),
(953, 'new delhi', 29),
(954, 'chapati', 91),
(955, 'triangular', 159),
(956, 'inflate', 63),
(957, 'hobby', 21),
(958, 'ban', 131),
(959, 'magnesium', 105),
(960, 'brain', 23),
(961, 'authoritative', 19),
(962, 'jujutsu', 101),
(963, 'kangaroo', 14),
(964, 'hydrochloric', 5),
(965, 'current', 42),
(966, 'staffordshire', 45),
(967, 'milton', 65),
(968, 'tango', 53),
(969, 'responsible', 85),
(970, 'cholera', 58),
(971, 'copenhagen', 29),
(972, 'niece', 69),
(973, 'weak', 78),
(974, 'increase', 63),
(975, 'wiltshire', 45),
(976, 'leopard', 14),
(977, 'plaice', 73),
(978, 'hydrophobia', 123),
(979, 'gaggle', 12),
(980, 'poseidon', 83),
(981, 'reserved', 108),
(982, 'hippopotamus', 14),
(983, 'plentiful', 4),
(984, 'spaniel', 178),
(985, 'unruly', 31),
(986, 'miss scarlet', 34),
(987, 'adroit', 8),
(988, 'reality', 64),
(989, 'nottingham', 62),
(990, 'pantry', 89),
(991, 'sycamore', 173),
(992, 'northumberland', 45),
(993, 'collie', 178),
(994, 'bronte', 65),
(995, 'judaism', 133),
(996, 'angry', 88),
(997, 'freezing', 124),
(998, 'inaugurate', 38),
(999, 'respectful', 128),
(1000, 'occasional', 132),
(1001, 'hull', 62),
(1002, 'condensing', 124),
(1003, 'whitechappel', 109),
(1004, 'oregan', 183),
(1005, 'cauliflower', 184),
(1006, 'contender', 7),
(1007, 'success', 185),
(1008, 'panther', 14),
(1009, 'plum', 79),
(1010, 'lounge', 89),
(1011, 'drama', 162),
(1012, 'diamond', 81),
(1013, 'europe', 43),
(1014, 'denmark', 46),
(1015, 'nevada', 183),
(1016, 'lancashire', 45),
(1017, 'bhuna', 177),
(1018, 'humble', 163),
(1019, 'pink', 36),
(1020, 'apricot', 79),
(1021, 'enlarge', 63),
(1022, 'peaceful', 172),
(1023, 'imperative', 50),
(1024, 'baboon', 14),
(1025, 'utility', 89),
(1026, 'sleepy', 153),
(1027, 'green', 36),
(1028, 'violin', 114),
(1029, 'rupee', 51),
(1030, 'javelin', 117),
(1031, 'rutland', 45),
(1032, 'karate', 101),
(1033, 'maths', 162),
(1034, 'pisces', 192),
(1035, 'fahrenheit', 167),
(1036, 'lime', 79),
(1037, 'warfarin', 103),
(1038, 'uncomplaining', 163),
(1039, 'pennines', 112),
(1040, 'supple', 8),
(1041, 'snag', 27),
(1042, 'prism', 2),
(1043, 'amalgamate', 37),
(1044, 'reduce', 44),
(1045, 'cease', 169),
(1046, 'firm', 19),
(1047, 'friesian', 47),
(1048, 'theft', 49),
(1049, 'rotweiler', 178),
(1050, 'corgi', 178),
(1051, 'sidewinder', 157),
(1052, 'leek and potato', 158),
(1053, 'useless', 190),
(1054, 'ascorbic', 5),
(1055, 'leo', 192),
(1056, 'helsinki', 29),
(1057, 'golf', 160),
(1058, 'platinum', 105),
(1059, 'indian', 116),
(1060, 'sunday', 54),
(1061, 'australia', 46),
(1062, 'inestimable', 130),
(1063, 'paper', 188),
(1064, 'unusual', 132),
(1065, 'jaundice', 58),
(1066, 'baseball', 160),
(1067, 'pushy', 19),
(1068, 'insulting', 141),
(1069, 'tungsten', 105),
(1070, 'wrath', 152),
(1071, 'london', 62),
(1072, 'grass', 157),
(1073, 'few', 145),
(1074, 'hockey', 160),
(1075, 'foe', 7),
(1076, 'stromboli', 186),
(1077, 'wind', 135),
(1078, 'salamander', 11),
(1079, 'masala', 177),
(1080, 'pineapple', 79),
(1081, 'sratus', 33),
(1082, 'cynical', 122),
(1083, 'wednesday', 54),
(1084, 'marathon', 118),
(1085, 'dry', 120),
(1086, 'noah', 66),
(1087, 'pumice', 90),
(1088, 'usual', 39),
(1089, 'unassuming', 108),
(1090, 'coy', 108),
(1091, 'front crawl', 165),
(1092, 'chester', 62),
(1093, 'sas', 17),
(1094, 'probability', 26),
(1095, '100 metres', 118),
(1096, 'tulip', 74),
(1097, 'rankine', 167),
(1098, 'york', 62),
(1099, 'carrol', 65),
(1100, 'thames', 138),
(1101, 'chilli', 87),
(1102, 'hoe', 171),
(1103, 'link', 37),
(1104, 'mrs white', 34),
(1105, 'troop', 12),
(1106, 'yorker', 48),
(1107, 'greed', 152),
(1108, 'herd', 12),
(1109, 'rowling', 65),
(1110, 'sandstone', 149),
(1111, 'eagle', 14),
(1112, 'june', 110),
(1113, 'decagon', 1),
(1114, 'pronghorn', 15),
(1115, 'waterless', 120),
(1116, 'amethyst', 81),
(1117, 'lazarus', 66),
(1118, 'gain', 20),
(1119, 'saturday', 54),
(1120, 'secateurs', 171),
(1121, 'coalesce', 37),
(1122, 'july', 110),
(1123, 'primrose', 74),
(1124, 'france', 46),
(1125, 'montana', 183),
(1126, 'pistachio', 180),
(1127, 'blameless', 92),
(1128, 'shrew', 140),
(1129, 'accomplice', 9),
(1130, 'scarce', 132),
(1131, 'puny', 78),
(1132, 'proteins', 76),
(1133, 'tough', 139),
(1134, 'ram', 98),
(1135, 'new zealand', 46),
(1136, 'china', 46),
(1137, 'ganges', 138),
(1138, 'chronicles 2', 25),
(1139, 'veto', 131),
(1140, 'south east', 40),
(1141, 'aksai black pied', 126),
(1142, 'tarragon', 87),
(1143, 'tyne and wear', 45),
(1144, 'valueless', 190),
(1145, 'gondola', 22),
(1146, 'kings 1', 25),
(1147, 'tangerine', 79),
(1148, 'wither', 44),
(1149, 'flimsy', 78),
(1150, 'alps', 112),
(1151, 'ripon', 62),
(1152, 'dingy skipper', 28),
(1153, 'triple jump', 117),
(1154, 'fraud', 49),
(1155, 'paraguay', 46),
(1156, 'kitten', 191),
(1157, 'drill', 171),
(1158, 'iguanodon', 57),
(1159, 'berkshire', 45),
(1160, 'ordinary', 39),
(1161, 'illinois', 183),
(1162, 'tomato', 79),
(1163, 'french horn', 114),
(1164, 'hermes', 83),
(1165, 'hampshire', 45),
(1166, 'peach', 79),
(1167, 'hamster', 14),
(1168, 'canberra', 29),
(1169, 'negative', 122),
(1170, 'major', 18),
(1171, 'kidneys', 23),
(1172, 'bye', 48),
(1173, 'python', 157),
(1174, 'anaconda', 157),
(1175, 'calpol', 103),
(1176, 'valium', 103),
(1177, 'great', 170),
(1178, 'merseyside', 45),
(1179, 'shitahki', 113),
(1180, 'ice', 161),
(1181, 'jack', 125),
(1182, 'citric', 5),
(1183, 'merlin', 21),
(1184, 'despondent', 122),
(1185, 'ruby', 81),
(1186, 'baritone', 155),
(1187, 'innocent', 115),
(1188, 'dear', 130),
(1189, 'missippi', 183),
(1190, 'sea bass', 73),
(1191, 'culpable', 85),
(1192, 'pen', 13),
(1193, 'grilled', 187),
(1194, 'dragonfly', 93),
(1195, 'wise', 154),
(1196, 'crocodile', 14),
(1197, 'cloakroom', 89),
(1198, 'pterodactyl', 57),
(1199, 'foxtrot', 53),
(1200, 'impudent', 141),
(1201, 'costly', 130),
(1202, 'ellipse', 1),
(1203, 'mars', 127),
(1204, 'portugal', 46),
(1205, 'shoal', 12),
(1206, 'mouse', 14),
(1207, 'fabrication', 70),
(1208, 'vindaloo', 177),
(1209, 'acrophobia', 123),
(1210, 'geothermal', 135),
(1211, 'launch', 38),
(1212, 'chestnut', 113),
(1213, 'pride', 12),
(1214, 'pythagoras', 147),
(1215, 'delighted', 60),
(1216, 'dollar', 51),
(1217, 'history', 162),
(1218, 'cumulonimbus', 33),
(1219, 'adder', 157),
(1220, 'beech', 173),
(1221, 'exodus', 25),
(1222, 'neon', 80),
(1223, 'possum', 100),
(1224, 'blueberry', 79),
(1225, 'kite', 1),
(1226, 'mayfair', 109),
(1227, 'captain', 18),
(1228, 'disadvantage', 27),
(1229, 'epsilon', 84),
(1230, 'respiration', 95),
(1231, 'narrow boat', 22),
(1232, 'cheery', 94),
(1233, 'marble', 106),
(1234, 'skull', 24),
(1235, 'parmisan', 176),
(1236, 'samosa', 91),
(1237, 'proverbs', 25),
(1238, 'oregano', 87),
(1239, 'tikka', 177),
(1240, 'murder', 49),
(1241, 'business studies', 162),
(1242, 'usa', 46),
(1243, 'italy', 46),
(1244, 'grandmother', 69),
(1245, 'swell', 63),
(1246, 'islamabad', 29),
(1247, 'argon', 80),
(1248, 'clarinet', 114),
(1249, 'blundering', 35),
(1250, 'gloucestershire', 45),
(1251, 'north', 40),
(1252, 'triskaidekaphobia', 123),
(1253, 'growth', 95),
(1254, 'norway', 46),
(1255, 'dickens', 65),
(1256, 'metaphor', 71),
(1257, 'february', 110),
(1258, 'pea', 184),
(1259, 'maize', 175),
(1260, 'standard', 39),
(1261, 'beetles', 93),
(1262, 'inconvenience', 27),
(1263, 'flute', 114),
(1264, 'duck', 48),
(1265, 'french', 162),
(1266, 'tuberculosis', 58),
(1267, 'unwieldy', 35),
(1268, 'trifling', 174),
(1269, 'arrogant', 41),
(1270, 'electron', 61),
(1271, 'mandarin', 79),
(1272, 'turnip', 184),
(1273, 'drenched', 144),
(1274, 'lose', 107),
(1275, 'initiate', 38),
(1276, 'cod', 73),
(1277, 'irreplaceable', 130),
(1278, 'poodle', 178),
(1279, 'hammer', 171),
(1280, 'uk', 46),
(1281, 'aspirin', 103),
(1282, 'bygone', 16),
(1283, 'net cord', 168),
(1284, 'maine', 183),
(1285, 'east', 40),
(1286, 'kansas', 183),
(1287, 'bulldog', 178),
(1288, 'whey', 52),
(1289, 'aries', 192),
(1290, 'pound', 51),
(1291, 'doc', 153),
(1292, 'rhubarb', 79),
(1293, 'damson', 79),
(1294, 'basalt', 90),
(1295, 'spain', 46),
(1296, 'jaguar', 14),
(1297, 'deception', 70),
(1298, 'poached', 187),
(1299, 'nimbostratus', 33),
(1300, 'amos', 25),
(1301, 'stupidity', 75),
(1302, 'september', 110),
(1303, 'priest', 134),
(1304, 'fibula', 24),
(1305, 'sullen', 111),
(1306, 'david', 66),
(1307, 'taurus', 192),
(1308, 'pool', 37),
(1309, 'english', 162),
(1310, 'bengali brown shannaj', 126),
(1311, 'missouri', 183),
(1312, 'let', 121),
(1313, 'earwigs', 93),
(1314, 'recoil', 137),
(1315, 'thrilled', 60),
(1316, 'mix', 37),
(1317, 'yorkshire', 45),
(1318, 'toboganing', 160),
(1319, 'fats', 76),
(1320, 'cat', 14),
(1321, 'pluto', 127),
(1322, 'decantation', 151),
(1323, 'cheese', 52),
(1324, 'smallpox', 58),
(1325, 'drey', 13),
(1326, 'sedate', 172),
(1327, 'maiden', 48),
(1328, 'rubbish', 190),
(1329, 'saturn', 127),
(1330, 'obedient', 163),
(1331, 'bumbling', 35),
(1332, 'false gharial', 136),
(1333, 'ezra', 25),
(1334, 'tennis', 160),
(1335, 'cricket', 160),
(1336, 'rapid', 3),
(1337, 'appalachians', 112),
(1338, 'iowa', 183),
(1339, 'scalpel', 102),
(1340, 'sensitivity', 95),
(1341, 'omega', 84),
(1342, 'insignificant', 174),
(1343, 'pack', 12),
(1344, 'odd', 132),
(1345, 'countrified', 142),
(1346, 'aqua regia', 5),
(1347, 'wisdom', 166),
(1348, 'guinea pig', 140),
(1349, 'cellar', 89),
(1350, 'copper', 105),
(1351, 'emerald', 81),
(1352, 'reproduction', 95),
(1353, 'private', 18),
(1354, 'nonagon', 1),
(1355, 'zinc', 105),
(1356, 'march', 110),
(1357, 'loss', 55),
(1358, 'serene', 172),
(1359, 'foal', 191),
(1360, 'trapezium', 1),
(1361, 'credulous', 115),
(1362, 'foolishness', 75),
(1363, 'haughty', 41),
(1364, 'korma', 177),
(1365, 'modern', 42),
(1366, 'subjugation', 55),
(1367, 'expectant', 119),
(1368, 'exhilarated', 60),
(1369, 'boiled', 187),
(1370, 'city', 182),
(1371, 'twist', 53),
(1372, 'associate', 9),
(1373, 'fragile', 78),
(1374, 'friend', 9),
(1375, 'belgium', 46),
(1376, 'blackcurrant', 79),
(1377, 'mercury', 105),
(1378, 'yew', 173),
(1379, 'bakerloo', 181),
(1380, 'field marshall', 18),
(1381, 'three', 156),
(1382, 'arctic', 116),
(1383, 'schist', 106),
(1384, 'cymbals', 114),
(1385, 'liver', 23),
(1386, 'palladium', 105),
(1387, 'sleet', 129),
(1388, 'vitamins', 76),
(1389, 'prime', 159),
(1390, 'cabbage white', 28),
(1391, 'tuesday', 54),
(1392, 'forceps', 102),
(1393, 'banjo', 114),
(1394, 'unhopeful', 122),
(1395, 'nottinghamshire', 45),
(1396, 'netball', 160),
(1397, 'iron', 105),
(1398, 'tramedol', 103),
(1399, 'superior', 67),
(1400, 'chile', 46),
(1401, 'cairo', 29),
(1402, 'downside', 27),
(1403, 'electric', 179),
(1404, 'unimportant', 174),
(1405, 'nest', 13),
(1406, 'piano', 114),
(1407, 'antarctica', 43),
(1408, 'critical', 50),
(1409, 'oxygen', 80),
(1410, 'happy', 86),
(1411, 'red', 36),
(1412, 'ph meter', 146),
(1413, 'apple', 79),
(1414, 'blue', 143),
(1415, 'tiger', 14),
(1416, 'pear', 79),
(1417, 'orange', 79),
(1418, 'sad', 143),
(1419, 'lion', 14),
(1420, 'unhappy', 143),
(1421, 'joyful', 86),
(1422, 'jubilant', 86),
(1423, 'gleeful', 86),
(1424, 'ecstatic', 86),
(1425, 'fox', 14),
(1426, 'depressed', 143),
(1427, 'discernment', 189),
(1428, 'flooded', 144),
(1429, 'courteous', 128),
(1430, 'dehydrated', 120),
(1431, 'important', 50),
(1432, 'apollo', 83),
(1433, 'town', 182),
(1434, 'tartaric', 5),
(1435, 'newcastle', 62),
(1436, 'august', 110),
(1437, 'boa constrictor', 157),
(1438, 'thyme', 87),
(1439, 'chicken pox', 58),
(1440, 'hinduism', 133),
(1441, 'siscus', 117),
(1442, 'hen', 68),
(1443, 'calm', 172),
(1444, 'shale', 149),
(1445, 'pontoon', 30),
(1446, 'actuality', 64),
(1447, 'voltmeter', 146),
(1448, 'newton', 147),
(1449, 'infrequent', 132),
(1450, 'grapefruit', 79),
(1451, 'michigan', 67),
(1452, 'minerals', 76),
(1453, 'scorpio', 192),
(1454, 'handicap', 27),
(1455, 'saddleback', 126),
(1456, 'andes', 112),
(1457, 'conquest', 185),
(1458, 'humerous', 24),
(1459, 'ict', 162),
(1460, 'shakespeare', 65),
(1461, 'zero', 156),
(1462, 'insight', 189),
(1463, 'tetrahedron', 2),
(1464, 'spade', 171),
(1465, 'vain', 41),
(1466, 'caiman', 136),
(1467, 'trumpet', 114);